Date,Country,total_cases,total_deaths
2019-12-31,Brazil,0.0,0.0
2020-01-01,Brazil,0.0,0.0
2020-01-02,Brazil,0.0,0.0
2020-01-03,Brazil,0.0,0.0
2020-01-04,Brazil,0.0,0.0
2020-01-05,Brazil,0.0,0.0
2020-01-06,Brazil,0.0,0.0
2020-01-07,Brazil,0.0,0.0
2020-01-08,Brazil,0.0,0.0
2020-01-09,Brazil,0.0,0.0
2020-01-10,Brazil,0.0,0.0
2020-01-11,Brazil,0.0,0.0
2020-01-12,Brazil,0.0,0.0
2020-01-13,Brazil,0.0,0.0
2020-01-14,Brazil,0.0,0.0
2020-01-15,Brazil,0.0,0.0
2020-01-16,Brazil,0.0,0.0
2020-01-17,Brazil,0.0,0.0
2020-01-18,Brazil,0.0,0.0
2020-01-19,Brazil,0.0,0.0
2020-01-20,Brazil,0.0,0.0
2020-01-21,Brazil,0.0,0.0
2020-01-22,Brazil,0.0,0.0
2020-01-23,Brazil,0.0,0.0
2020-01-24,Brazil,0.0,0.0
2020-01-25,Brazil,0.0,0.0
2020-01-26,Brazil,0.0,0.0
2020-01-27,Brazil,0.0,0.0
2020-01-28,Brazil,0.0,0.0
2020-01-29,Brazil,0.0,0.0
2020-01-30,Brazil,0.0,0.0
2020-01-31,Brazil,0.0,0.0
2020-02-01,Brazil,0.0,0.0
2020-02-02,Brazil,0.0,0.0
2020-02-03,Brazil,0.0,0.0
2020-02-04,Brazil,0.0,0.0
2020-02-05,Brazil,0.0,0.0
2020-02-06,Brazil,0.0,0.0
2020-02-07,Brazil,0.0,0.0
2020-02-08,Brazil,0.0,0.0
2020-02-09,Brazil,0.0,0.0
2020-02-10,Brazil,0.0,0.0
2020-02-11,Brazil,0.0,0.0
2020-02-12,Brazil,0.0,0.0
2020-02-13,Brazil,0.0,0.0
2020-02-14,Brazil,0.0,0.0
2020-02-15,Brazil,0.0,0.0
2020-02-16,Brazil,0.0,0.0
2020-02-17,Brazil,0.0,0.0
2020-02-18,Brazil,0.0,0.0
2020-02-19,Brazil,0.0,0.0
2020-02-20,Brazil,0.0,0.0
2020-02-21,Brazil,0.0,0.0
2020-02-22,Brazil,0.0,0.0
2020-02-23,Brazil,0.0,0.0
2020-02-24,Brazil,0.0,0.0
2020-02-25,Brazil,0.0,0.0
2020-02-26,Brazil,1.0,0.0
2020-02-27,Brazil,1.0,0.0
2020-02-28,Brazil,1.0,0.0
2020-02-29,Brazil,1.0,0.0
2020-03-01,Brazil,2.0,0.0
2020-03-02,Brazil,2.0,0.0
2020-03-03,Brazil,2.0,0.0
2020-03-04,Brazil,2.0,0.0
2020-03-05,Brazil,3.0,0.0
2020-03-06,Brazil,8.0,0.0
2020-03-07,Brazil,13.0,0.0
2020-03-08,Brazil,13.0,0.0
2020-03-09,Brazil,25.0,0.0
2020-03-10,Brazil,25.0,0.0
2020-03-11,Brazil,34.0,0.0
2020-03-12,Brazil,52.0,0.0
2020-03-13,Brazil,77.0,0.0
2020-03-14,Brazil,98.0,0.0
2020-03-15,Brazil,121.0,0.0
2020-03-16,Brazil,200.0,0.0
2020-03-17,Brazil,234.0,0.0
2020-03-18,Brazil,291.0,1.0
2020-03-19,Brazil,428.0,4.0
2020-03-20,Brazil,621.0,6.0
2020-03-21,Brazil,904.0,11.0
2020-03-22,Brazil,1128.0,18.0
2020-03-23,Brazil,1546.0,25.0
2020-03-24,Brazil,1891.0,34.0
2020-03-25,Brazil,2201.0,46.0
2020-03-26,Brazil,2433.0,57.0
2020-03-27,Brazil,2915.0,77.0
2020-03-28,Brazil,3417.0,92.0
2020-03-29,Brazil,3904.0,114.0
2020-03-30,Brazil,4256.0,136.0
2020-03-31,Brazil,4579.0,159.0
2020-04-01,Brazil,5717.0,201.0
2020-04-02,Brazil,6836.0,241.0
2020-04-03,Brazil,7910.0,299.0
2020-04-04,Brazil,9056.0,359.0
2020-04-05,Brazil,10278.0,432.0
2020-04-06,Brazil,11130.0,486.0
2020-04-07,Brazil,12056.0,553.0
2020-04-08,Brazil,13717.0,667.0
2020-04-09,Brazil,15927.0,800.0
2020-04-10,Brazil,17857.0,941.0
2020-04-11,Brazil,19638.0,1056.0
2020-04-12,Brazil,20727.0,1124.0
2020-04-13,Brazil,22169.0,1223.0
2020-04-14,Brazil,23430.0,1328.0
2020-04-15,Brazil,25262.0,1532.0
2020-04-16,Brazil,28320.0,1736.0
2020-04-17,Brazil,30425.0,1924.0
2020-04-18,Brazil,33682.0,2141.0
2020-04-19,Brazil,36599.0,2347.0
2020-04-20,Brazil,38654.0,2462.0
2020-04-21,Brazil,40581.0,2575.0
2020-04-22,Brazil,43079.0,2741.0
2020-04-23,Brazil,45757.0,2906.0
2020-04-24,Brazil,49492.0,3313.0
2020-04-25,Brazil,52995.0,3670.0
2020-04-26,Brazil,58509.0,4016.0
2020-04-27,Brazil,61888.0,4205.0
2020-04-28,Brazil,66501.0,4543.0
2020-04-29,Brazil,71886.0,5017.0
2020-04-30,Brazil,78162.0,5466.0
2020-05-01,Brazil,85380.0,5901.0
2020-05-02,Brazil,91589.0,6329.0
2020-05-03,Brazil,96559.0,6750.0
2020-05-04,Brazil,101147.0,7025.0
2020-05-05,Brazil,107780.0,7321.0
2020-05-06,Brazil,114715.0,7921.0
2020-05-07,Brazil,125218.0,8536.0
2020-05-08,Brazil,135106.0,9146.0
2020-05-09,Brazil,145328.0,9897.0
2020-05-10,Brazil,155939.0,10627.0
2020-05-11,Brazil,162699.0,11123.0
2020-05-12,Brazil,168331.0,11519.0
2020-05-13,Brazil,177589.0,12400.0
2020-05-14,Brazil,188974.0,13149.0
2020-05-15,Brazil,202918.0,13993.0
2020-05-16,Brazil,218223.0,14817.0
2020-05-17,Brazil,233142.0,15633.0
2020-05-18,Brazil,241080.0,16118.0
2020-05-19,Brazil,254220.0,16792.0
2020-05-20,Brazil,271628.0,17971.0
2020-05-21,Brazil,291579.0,18859.0
2020-05-22,Brazil,310087.0,20047.0
2020-05-23,Brazil,330890.0,21048.0
2020-05-24,Brazil,347398.0,22013.0
2020-05-25,Brazil,363211.0,22666.0
2020-05-26,Brazil,374898.0,23473.0
2020-05-27,Brazil,391222.0,24512.0
2020-05-28,Brazil,411821.0,25598.0
2020-05-29,Brazil,438238.0,26754.0
2020-05-30,Brazil,465166.0,27878.0
2020-05-31,Brazil,498440.0,28834.0
2020-06-01,Brazil,514849.0,29314.0
2020-06-02,Brazil,526447.0,29937.0
2020-06-03,Brazil,555383.0,31199.0
2020-06-04,Brazil,584016.0,32548.0
2020-06-05,Brazil,614932.0,34021.0
2020-06-06,Brazil,645762.0,35026.0
2020-06-07,Brazil,672837.0,35930.0
2020-06-08,Brazil,691758.0,36455.0
2020-06-09,Brazil,707412.0,37134.0
2020-06-10,Brazil,739503.0,38406.0
2020-06-11,Brazil,772416.0,39680.0
2020-06-12,Brazil,802828.0,40919.0
2020-06-13,Brazil,828810.0,41828.0
2020-06-14,Brazil,850514.0,42720.0
2020-06-15,Brazil,867624.0,43332.0
2020-06-16,Brazil,888271.0,43959.0
2020-06-17,Brazil,923189.0,45241.0
2020-06-18,Brazil,955377.0,46510.0
2020-06-19,Brazil,978142.0,47748.0
2020-06-20,Brazil,1032913.0,48954.0
2020-06-21,Brazil,1067579.0,49976.0
2020-06-22,Brazil,1085038.0,50617.0
2020-06-23,Brazil,1106470.0,51271.0
2020-06-24,Brazil,1145906.0,52645.0
2020-06-25,Brazil,1188631.0,53830.0
2020-06-26,Brazil,1228114.0,54971.0
2020-06-27,Brazil,1274974.0,55961.0
2020-06-28,Brazil,1313667.0,57070.0
2020-06-29,Brazil,1344143.0,57622.0
2020-06-30,Brazil,1368195.0,58314.0
2020-07-01,Brazil,1402041.0,59594.0
2020-07-02,Brazil,1448753.0,60632.0
2020-07-03,Brazil,1496858.0,61884.0
2020-07-04,Brazil,1539081.0,63174.0
2020-07-05,Brazil,1577004.0,64265.0
2020-07-06,Brazil,1603055.0,64867.0
2020-07-07,Brazil,1623284.0,65487.0
2020-07-08,Brazil,1668589.0,66741.0
2020-07-09,Brazil,1713160.0,67964.0
2020-07-10,Brazil,1755779.0,69184.0
2020-07-11,Brazil,1800827.0,70398.0
2020-07-12,Brazil,1839850.0,71469.0
2020-07-13,Brazil,1864681.0,72100.0
2020-07-14,Brazil,1884967.0,72833.0
2020-07-15,Brazil,1926824.0,74133.0
2020-07-16,Brazil,1966748.0,75366.0
2020-07-17,Brazil,2012151.0,76688.0
2020-07-18,Brazil,2046328.0,77851.0
2020-07-19,Brazil,2074860.0,78772.0
2020-07-20,Brazil,2098389.0,79488.0
2020-07-21,Brazil,2118646.0,80120.0
2020-07-22,Brazil,2159654.0,81487.0
2020-07-23,Brazil,2227514.0,82771.0
2020-07-24,Brazil,2287475.0,84082.0
2020-07-25,Brazil,2343366.0,85238.0
2020-07-26,Brazil,2394513.0,86449.0
2020-07-27,Brazil,2419091.0,87004.0
2020-07-28,Brazil,2442375.0,87618.0
2020-07-29,Brazil,2483191.0,88539.0
2020-07-30,Brazil,2552265.0,90134.0
2020-07-31,Brazil,2610102.0,91263.0
2020-08-01,Brazil,2662485.0,92475.0
2020-08-02,Brazil,2707877.0,93563.0
2020-08-03,Brazil,2733677.0,94104.0
2020-08-04,Brazil,2750318.0,94665.0
2020-08-05,Brazil,2801921.0,95819.0
2020-08-06,Brazil,2859073.0,97256.0
2020-08-07,Brazil,2912212.0,98493.0
2020-08-08,Brazil,2962442.0,99572.0
2020-08-09,Brazil,3012412.0,100477.0
2020-08-10,Brazil,3035422.0,101049.0
2020-08-11,Brazil,3057470.0,101752.0
2020-08-12,Brazil,3109630.0,103026.0
2020-08-13,Brazil,3164785.0,104201.0
2020-08-14,Brazil,3224876.0,105463.0
2020-08-15,Brazil,3275520.0,106523.0
2020-08-16,Brazil,3317096.0,107232.0
2020-08-17,Brazil,3340197.0,107852.0
2020-08-18,Brazil,3359570.0,108536.0
2020-08-19,Brazil,3407354.0,109888.0
2020-08-20,Brazil,3456652.0,111100.0
2020-08-21,Brazil,3501975.0,112304.0
2020-08-22,Brazil,3532330.0,113358.0
2020-08-23,Brazil,3582362.0,114250.0
2020-08-24,Brazil,3605783.0,114744.0
2020-08-25,Brazil,3622861.0,115309.0
2020-08-26,Brazil,3669995.0,116580.0
2020-08-27,Brazil,3717156.0,117665.0
2020-08-28,Brazil,3761391.0,118649.0
2020-08-29,Brazil,3804803.0,119504.0
2020-08-30,Brazil,3846153.0,120462.0
2020-08-31,Brazil,3862311.0,120828.0
2020-09-01,Brazil,3908272.0,121381.0
2020-09-02,Brazil,3950931.0,122596.0
2020-09-03,Brazil,3997865.0,123780.0
2020-09-04,Brazil,4041638.0,124614.0
2020-09-05,Brazil,4092832.0,125521.0
2020-09-06,Brazil,4123000.0,126203.0
2020-09-07,Brazil,4137521.0,126650.0
2020-09-08,Brazil,4147794.0,126960.0
2020-09-09,Brazil,4162073.0,127464.0
2020-09-10,Brazil,4197889.0,128539.0
2020-09-11,Brazil,4238446.0,129522.0
2020-09-12,Brazil,4282164.0,130396.0
2020-09-13,Brazil,4315687.0,131210.0
2020-09-14,Brazil,4330455.0,131625.0
2020-09-15,Brazil,4345610.0,132006.0
2019-12-31,Canada,0.0,0.0
2020-01-01,Canada,0.0,0.0
2020-01-02,Canada,0.0,0.0
2020-01-03,Canada,0.0,0.0
2020-01-04,Canada,0.0,0.0
2020-01-05,Canada,0.0,0.0
2020-01-06,Canada,0.0,0.0
2020-01-07,Canada,0.0,0.0
2020-01-08,Canada,0.0,0.0
2020-01-09,Canada,0.0,0.0
2020-01-10,Canada,0.0,0.0
2020-01-11,Canada,0.0,0.0
2020-01-12,Canada,0.0,0.0
2020-01-13,Canada,0.0,0.0
2020-01-14,Canada,0.0,0.0
2020-01-15,Canada,0.0,0.0
2020-01-16,Canada,0.0,0.0
2020-01-17,Canada,0.0,0.0
2020-01-18,Canada,0.0,0.0
2020-01-19,Canada,0.0,0.0
2020-01-20,Canada,0.0,0.0
2020-01-21,Canada,0.0,0.0
2020-01-22,Canada,0.0,0.0
2020-01-23,Canada,0.0,0.0
2020-01-24,Canada,0.0,0.0
2020-01-25,Canada,0.0,0.0
2020-01-26,Canada,1.0,0.0
2020-01-27,Canada,1.0,0.0
2020-01-28,Canada,2.0,0.0
2020-01-29,Canada,3.0,0.0
2020-01-30,Canada,3.0,0.0
2020-01-31,Canada,3.0,0.0
2020-02-01,Canada,4.0,0.0
2020-02-02,Canada,4.0,0.0
2020-02-03,Canada,4.0,0.0
2020-02-04,Canada,4.0,0.0
2020-02-05,Canada,5.0,0.0
2020-02-06,Canada,5.0,0.0
2020-02-07,Canada,7.0,0.0
2020-02-08,Canada,7.0,0.0
2020-02-09,Canada,7.0,0.0
2020-02-10,Canada,7.0,0.0
2020-02-11,Canada,7.0,0.0
2020-02-12,Canada,7.0,0.0
2020-02-13,Canada,7.0,0.0
2020-02-14,Canada,7.0,0.0
2020-02-15,Canada,8.0,0.0
2020-02-16,Canada,8.0,0.0
2020-02-17,Canada,8.0,0.0
2020-02-18,Canada,8.0,0.0
2020-02-19,Canada,8.0,0.0
2020-02-20,Canada,8.0,0.0
2020-02-21,Canada,9.0,0.0
2020-02-22,Canada,9.0,0.0
2020-02-23,Canada,9.0,0.0
2020-02-24,Canada,9.0,0.0
2020-02-25,Canada,11.0,0.0
2020-02-26,Canada,11.0,0.0
2020-02-27,Canada,12.0,0.0
2020-02-28,Canada,14.0,0.0
2020-02-29,Canada,16.0,0.0
2020-03-01,Canada,20.0,0.0
2020-03-02,Canada,24.0,0.0
2020-03-03,Canada,27.0,0.0
2020-03-04,Canada,30.0,0.0
2020-03-05,Canada,33.0,0.0
2020-03-06,Canada,45.0,0.0
2020-03-07,Canada,51.0,0.0
2020-03-08,Canada,57.0,0.0
2020-03-09,Canada,62.0,0.0
2020-03-10,Canada,77.0,1.0
2020-03-11,Canada,93.0,1.0
2020-03-12,Canada,103.0,1.0
2020-03-13,Canada,138.0,1.0
2020-03-14,Canada,176.0,1.0
2020-03-15,Canada,244.0,1.0
2020-03-16,Canada,304.0,1.0
2020-03-17,Canada,424.0,4.0
2020-03-18,Canada,569.0,8.0
2020-03-19,Canada,690.0,9.0
2020-03-20,Canada,846.0,10.0
2020-03-21,Canada,971.0,12.0
2020-03-22,Canada,1302.0,18.0
2020-03-23,Canada,1430.0,20.0
2020-03-24,Canada,1646.0,24.0
2020-03-25,Canada,1959.0,27.0
2020-03-26,Canada,3385.0,35.0
2020-03-27,Canada,4018.0,39.0
2020-03-28,Canada,4675.0,53.0
2020-03-29,Canada,5386.0,60.0
2020-03-30,Canada,6255.0,61.0
2020-03-31,Canada,7424.0,89.0
2020-04-01,Canada,8536.0,96.0
2020-04-02,Canada,9595.0,109.0
2020-04-03,Canada,11268.0,138.0
2020-04-04,Canada,12519.0,187.0
2020-04-05,Canada,13882.0,231.0
2020-04-06,Canada,15496.0,280.0
2020-04-07,Canada,16653.0,323.0
2020-04-08,Canada,17883.0,380.0
2020-04-09,Canada,19274.0,435.0
2020-04-10,Canada,20748.0,509.0
2020-04-11,Canada,22133.0,569.0
2020-04-12,Canada,23301.0,653.0
2020-04-13,Canada,24365.0,717.0
2020-04-14,Canada,25663.0,780.0
2020-04-15,Canada,27046.0,903.0
2020-04-16,Canada,28364.0,1010.0
2020-04-17,Canada,30081.0,1193.0
2020-04-18,Canada,31872.0,1309.0
2020-04-19,Canada,33341.0,1467.0
2020-04-20,Canada,34777.0,1580.0
2020-04-21,Canada,36823.0,1690.0
2020-04-22,Canada,38413.0,1834.0
2020-04-23,Canada,40179.0,1974.0
2020-04-24,Canada,42099.0,2146.0
2020-04-25,Canada,43877.0,2302.0
2020-04-26,Canada,45341.0,2465.0
2020-04-27,Canada,46884.0,2560.0
2020-04-28,Canada,48489.0,2707.0
2020-04-29,Canada,50015.0,2859.0
2020-04-30,Canada,51587.0,2996.0
2020-05-01,Canada,53236.0,3184.0
2020-05-02,Canada,55061.0,3391.0
2020-05-03,Canada,56714.0,3566.0
2020-05-04,Canada,59474.0,3682.0
2020-05-05,Canada,60772.0,3854.0
2020-05-06,Canada,62046.0,4043.0
2020-05-07,Canada,63496.0,4232.0
2020-05-08,Canada,64922.0,4408.0
2020-05-09,Canada,66434.0,4569.0
2020-05-10,Canada,67702.0,4693.0
2020-05-11,Canada,68848.0,4871.0
2020-05-12,Canada,69981.0,4993.0
2020-05-13,Canada,71157.0,5169.0
2020-05-14,Canada,72278.0,5304.0
2020-05-15,Canada,73401.0,5472.0
2020-05-16,Canada,74602.0,5562.0
2020-05-17,Canada,75853.0,5679.0
2020-05-18,Canada,76991.0,5782.0
2020-05-19,Canada,78061.0,5842.0
2020-05-20,Canada,79101.0,5912.0
2020-05-21,Canada,80091.0,6030.0
2020-05-22,Canada,81313.0,6152.0
2020-05-23,Canada,82469.0,6250.0
2020-05-24,Canada,83610.0,6355.0
2020-05-25,Canada,84688.0,6424.0
2020-05-26,Canada,85700.0,6545.0
2020-05-27,Canada,86636.0,6639.0
2020-05-28,Canada,87508.0,6765.0
2020-05-29,Canada,88501.0,6877.0
2020-05-30,Canada,89407.0,6979.0
2020-05-31,Canada,90179.0,7073.0
2020-06-01,Canada,90936.0,7295.0
2020-06-02,Canada,91694.0,7326.0
2020-06-03,Canada,92399.0,7395.0
2020-06-04,Canada,93074.0,7498.0
2020-06-05,Canada,93715.0,7637.0
2020-06-06,Canada,94324.0,7703.0
2020-06-07,Canada,95046.0,7773.0
2020-06-08,Canada,95688.0,7800.0
2020-06-09,Canada,96233.0,7835.0
2020-06-10,Canada,96642.0,7897.0
2020-06-11,Canada,97114.0,7960.0
2020-06-12,Canada,97519.0,7994.0
2020-06-13,Canada,97932.0,8049.0
2020-06-14,Canada,98399.0,8107.0
2020-06-15,Canada,98776.0,8146.0
2020-06-16,Canada,99136.0,8175.0
2020-06-17,Canada,99456.0,8213.0
2020-06-18,Canada,99842.0,8254.0
2020-06-19,Canada,100209.0,8300.0
2020-06-20,Canada,100618.0,8346.0
2020-06-21,Canada,101008.0,8410.0
2020-06-22,Canada,101326.0,8430.0
2020-06-23,Canada,101637.0,8436.0
2020-06-24,Canada,101963.0,8454.0
2020-06-25,Canada,102242.0,8484.0
2020-06-26,Canada,102611.0,8504.0
2020-06-27,Canada,102783.0,8508.0
2020-06-28,Canada,103021.0,8516.0
2020-06-29,Canada,103239.0,8522.0
2020-06-30,Canada,103907.0,8566.0
2020-07-01,Canada,104193.0,8591.0
2020-07-02,Canada,104193.0,8591.0
2020-07-03,Canada,104760.0,8642.0
2020-07-04,Canada,105079.0,8663.0
2020-07-05,Canada,105305.0,8674.0
2020-07-06,Canada,105524.0,8684.0
2020-07-07,Canada,105923.0,8693.0
2020-07-08,Canada,106155.0,8711.0
2020-07-09,Canada,106422.0,8737.0
2020-07-10,Canada,106793.0,8749.0
2020-07-11,Canada,107114.0,8759.0
2020-07-12,Canada,107335.0,8773.0
2020-07-13,Canada,107579.0,8783.0
2020-07-14,Canada,108144.0,8790.0
2020-07-15,Canada,108475.0,8798.0
2020-07-16,Canada,108816.0,8810.0
2020-07-17,Canada,109253.0,8827.0
2020-07-18,Canada,109658.0,8839.0
2020-07-19,Canada,109658.0,8839.0
2020-07-20,Canada,110338.0,8852.0
2020-07-21,Canada,111113.0,8858.0
2020-07-22,Canada,111684.0,8862.0
2020-07-23,Canada,112227.0,8870.0
2020-07-24,Canada,112659.0,8874.0
2020-07-25,Canada,113193.0,8881.0
2020-07-26,Canada,113543.0,8885.0
2020-07-27,Canada,113898.0,8890.0
2020-07-28,Canada,114597.0,8901.0
2020-07-29,Canada,114980.0,8912.0
2020-07-30,Canada,115456.0,8917.0
2020-07-31,Canada,115785.0,8929.0
2020-08-01,Canada,116298.0,8935.0
2020-08-02,Canada,116585.0,8941.0
2020-08-03,Canada,116870.0,8945.0
2020-08-04,Canada,117017.0,8947.0
2020-08-05,Canada,117777.0,8958.0
2020-08-06,Canada,118172.0,8962.0
2020-08-07,Canada,118546.0,8966.0
2020-08-08,Canada,118970.0,8970.0
2020-08-09,Canada,119206.0,8976.0
2020-08-10,Canada,119451.0,8981.0
2020-08-11,Canada,120117.0,8987.0
2020-08-12,Canada,120406.0,8991.0
2020-08-13,Canada,120829.0,9006.0
2020-08-14,Canada,121234.0,9015.0
2020-08-15,Canada,121652.0,9020.0
2020-08-16,Canada,121889.0,9024.0
2020-08-17,Canada,122087.0,9026.0
2020-08-18,Canada,122872.0,9032.0
2020-08-19,Canada,123154.0,9045.0
2020-08-20,Canada,123490.0,9049.0
2020-08-21,Canada,123873.0,9054.0
2020-08-22,Canada,124372.0,9064.0
2020-08-23,Canada,124629.0,9071.0
2020-08-24,Canada,124896.0,9073.0
2020-08-25,Canada,125647.0,9083.0
2020-08-26,Canada,125969.0,9090.0
2020-08-27,Canada,126417.0,9094.0
2020-08-28,Canada,126848.0,9102.0
2020-08-29,Canada,127358.0,9108.0
2020-08-30,Canada,127673.0,9113.0
2020-08-31,Canada,127940.0,9117.0
2020-09-01,Canada,128948.0,9126.0
2020-09-02,Canada,129425.0,9132.0
2020-09-03,Canada,129923.0,9135.0
2020-09-04,Canada,130493.0,9141.0
2020-09-05,Canada,131124.0,9141.0
2020-09-06,Canada,131495.0,9143.0
2020-09-07,Canada,131895.0,9145.0
2020-09-08,Canada,132142.0,9146.0
2020-09-09,Canada,133748.0,9153.0
2020-09-10,Canada,134294.0,9155.0
2020-09-11,Canada,134924.0,9163.0
2020-09-12,Canada,135626.0,9163.0
2020-09-13,Canada,136141.0,9170.0
2020-09-14,Canada,136659.0,9171.0
2020-09-15,Canada,138010.0,9179.0
2019-12-31,China,27.0,0.0
2020-01-01,China,27.0,0.0
2020-01-02,China,27.0,0.0
2020-01-03,China,44.0,0.0
2020-01-04,China,44.0,0.0
2020-01-05,China,59.0,0.0
2020-01-06,China,59.0,0.0
2020-01-07,China,59.0,0.0
2020-01-08,China,59.0,0.0
2020-01-09,China,59.0,0.0
2020-01-10,China,59.0,0.0
2020-01-11,China,59.0,1.0
2020-01-12,China,59.0,1.0
2020-01-13,China,59.0,1.0
2020-01-14,China,59.0,1.0
2020-01-15,China,59.0,2.0
2020-01-16,China,59.0,2.0
2020-01-17,China,63.0,2.0
2020-01-18,China,80.0,2.0
2020-01-19,China,216.0,3.0
2020-01-20,China,235.0,3.0
2020-01-21,China,386.0,6.0
2020-01-22,China,526.0,17.0
2020-01-23,China,623.0,17.0
2020-01-24,China,882.0,26.0
2020-01-25,China,1323.0,41.0
2020-01-26,China,1988.0,56.0
2020-01-27,China,2775.0,81.0
2020-01-28,China,4528.0,106.0
2020-01-29,China,5994.0,132.0
2020-01-30,China,7734.0,170.0
2020-01-31,China,9714.0,213.0
2020-02-01,China,11809.0,259.0
2020-02-02,China,14399.0,304.0
2020-02-03,China,17211.0,361.0
2020-02-04,China,20448.0,426.0
2020-02-05,China,24320.0,492.0
2020-02-06,China,28047.0,564.0
2020-02-07,China,31207.0,637.0
2020-02-08,China,34625.0,723.0
2020-02-09,China,37232.0,812.0
2020-02-10,China,40206.0,909.0
2020-02-11,China,42696.0,1017.0
2020-02-12,China,44724.0,1114.0
2020-02-13,China,59865.0,1368.0
2020-02-14,China,64021.0,1381.0
2020-02-15,China,66559.0,1524.0
2020-02-16,China,68566.0,1666.0
2020-02-17,China,70618.0,1771.0
2020-02-18,China,72508.0,1869.0
2020-02-19,China,74258.0,2008.0
2020-02-20,China,74652.0,2120.0
2020-02-21,China,75543.0,2238.0
2020-02-22,China,76369.0,2347.0
2020-02-23,China,77016.0,2445.0
2020-02-24,China,77234.0,2595.0
2020-02-25,China,77749.0,2665.0
2020-02-26,China,78159.0,2717.0
2020-02-27,China,78598.0,2746.0
2020-02-28,China,78927.0,2790.0
2020-02-29,China,79355.0,2837.0
2020-03-01,China,79929.0,2872.0
2020-03-02,China,80134.0,2914.0
2020-03-03,China,80261.0,2946.0
2020-03-04,China,80380.0,2983.0
2020-03-05,China,80497.0,3014.0
2020-03-06,China,80667.0,3044.0
2020-03-07,China,80768.0,3072.0
2020-03-08,China,80814.0,3099.0
2020-03-09,China,80859.0,3122.0
2020-03-10,China,80879.0,3139.0
2020-03-11,China,80908.0,3161.0
2020-03-12,China,80932.0,3172.0
2020-03-13,China,80954.0,3179.0
2020-03-14,China,80973.0,3194.0
2020-03-15,China,80995.0,3203.0
2020-03-16,China,81020.0,3216.0
2020-03-17,China,81063.0,3225.0
2020-03-18,China,81086.0,3241.0
2020-03-19,China,81130.0,3249.0
2020-03-20,China,81229.0,3253.0
2020-03-21,China,81281.0,3259.0
2020-03-22,China,81346.0,3265.0
2020-03-23,China,81484.0,3274.0
2020-03-24,China,81553.0,3281.0
2020-03-25,China,81631.0,3285.0
2020-03-26,China,81733.0,3291.0
2020-03-27,China,81827.0,3296.0
2020-03-28,China,81946.0,3299.0
2020-03-29,China,82059.0,3304.0
2020-03-30,China,82157.0,3306.0
2020-03-31,China,82241.0,3309.0
2020-04-01,China,82295.0,3310.0
2020-04-02,China,82395.0,3316.0
2020-04-03,China,82465.0,3326.0
2020-04-04,China,82527.0,3330.0
2020-04-05,China,82575.0,3333.0
2020-04-06,China,82642.0,3335.0
2020-04-07,China,82698.0,3335.0
2020-04-08,China,82784.0,3337.0
2020-04-09,China,82870.0,3339.0
2020-04-10,China,82925.0,3340.0
2020-04-11,China,83004.0,3343.0
2020-04-12,China,83097.0,3343.0
2020-04-13,China,83209.0,3345.0
2020-04-14,China,83303.0,3345.0
2020-04-15,China,83352.0,3346.0
2020-04-16,China,83402.0,3346.0
2020-04-17,China,83754.0,4636.0
2020-04-18,China,83785.0,4636.0
2020-04-19,China,83803.0,4636.0
2020-04-20,China,83817.0,4636.0
2020-04-21,China,83849.0,4636.0
2020-04-22,China,83864.0,4636.0
2020-04-23,China,83876.0,4636.0
2020-04-24,China,83884.0,4636.0
2020-04-25,China,83899.0,4636.0
2020-04-26,China,83909.0,4636.0
2020-04-27,China,83912.0,4637.0
2020-04-28,China,83938.0,4637.0
2020-04-29,China,83940.0,4637.0
2020-04-30,China,83944.0,4637.0
2020-05-01,China,83956.0,4637.0
2020-05-02,China,83959.0,4637.0
2020-05-03,China,83961.0,4637.0
2020-05-04,China,83964.0,4637.0
2020-05-05,China,83966.0,4637.0
2020-05-06,China,83968.0,4637.0
2020-05-07,China,83970.0,4637.0
2020-05-08,China,83976.0,4637.0
2020-05-09,China,83976.0,4637.0
2020-05-10,China,83991.0,4637.0
2020-05-11,China,84010.0,4637.0
2020-05-12,China,84011.0,4637.0
2020-05-13,China,84018.0,4637.0
2020-05-14,China,84024.0,4637.0
2020-05-15,China,84029.0,4637.0
2020-05-16,China,84038.0,4637.0
2020-05-17,China,84044.0,4638.0
2020-05-18,China,84054.0,4638.0
2020-05-19,China,84063.0,4638.0
2020-05-20,China,84065.0,4638.0
2020-05-21,China,84067.0,4638.0
2020-05-22,China,84079.0,4638.0
2020-05-23,China,84081.0,4638.0
2020-05-24,China,84084.0,4638.0
2020-05-25,China,84095.0,4638.0
2020-05-26,China,84102.0,4638.0
2020-05-27,China,84103.0,4638.0
2020-05-28,China,84106.0,4638.0
2020-05-29,China,84106.0,4638.0
2020-05-30,China,84123.0,4638.0
2020-05-31,China,84128.0,4638.0
2020-06-01,China,84147.0,4638.0
2020-06-02,China,84154.0,4638.0
2020-06-03,China,84159.0,4638.0
2020-06-04,China,84160.0,4638.0
2020-06-05,China,84171.0,4638.0
2020-06-06,China,84177.0,4638.0
2020-06-07,China,84186.0,4638.0
2020-06-08,China,84191.0,4638.0
2020-06-09,China,84194.0,4638.0
2020-06-10,China,84198.0,4638.0
2020-06-11,China,84209.0,4638.0
2020-06-12,China,84216.0,4638.0
2020-06-13,China,84228.0,4638.0
2020-06-14,China,84288.0,4638.0
2020-06-15,China,84335.0,4638.0
2020-06-16,China,84378.0,4638.0
2020-06-17,China,84422.0,4638.0
2020-06-18,China,84458.0,4638.0
2020-06-19,China,84494.0,4638.0
2020-06-20,China,84524.0,4638.0
2020-06-21,China,84553.0,4639.0
2020-06-22,China,84572.0,4639.0
2020-06-23,China,84624.0,4639.0
2020-06-24,China,84653.0,4640.0
2020-06-25,China,84673.0,4640.0
2020-06-26,China,84701.0,4641.0
2020-06-27,China,84725.0,4641.0
2020-06-28,China,84743.0,4641.0
2020-06-29,China,84757.0,4641.0
2020-06-30,China,84780.0,4641.0
2020-07-01,China,84785.0,4641.0
2020-07-02,China,84816.0,4641.0
2020-07-03,China,84830.0,4641.0
2020-07-04,China,84839.0,4641.0
2020-07-05,China,84857.0,4641.0
2020-07-06,China,84871.0,4641.0
2020-07-07,China,84896.0,4641.0
2020-07-08,China,84917.0,4641.0
2020-07-09,China,84950.0,4641.0
2020-07-10,China,84996.0,4641.0
2020-07-11,China,85036.0,4641.0
2020-07-12,China,85071.0,4641.0
2020-07-13,China,85117.0,4641.0
2020-07-14,China,85172.0,4642.0
2020-07-15,China,85226.0,4642.0
2020-07-16,China,85246.0,4644.0
2020-07-17,China,85323.0,4644.0
2020-07-18,China,85403.0,4645.0
2020-07-19,China,85483.0,4646.0
2020-07-20,China,85613.0,4646.0
2020-07-21,China,85697.0,4646.0
2020-07-22,China,85771.0,4648.0
2020-07-23,China,85906.0,4648.0
2020-07-24,China,86045.0,4649.0
2020-07-25,China,86202.0,4650.0
2020-07-26,China,86381.0,4652.0
2020-07-27,China,86570.0,4652.0
2020-07-28,China,86783.0,4656.0
2020-07-29,China,86990.0,4657.0
2020-07-30,China,87213.0,4659.0
2020-07-31,China,87489.0,4659.0
2020-08-01,China,87655.0,4661.0
2020-08-02,China,87827.0,4667.0
2020-08-03,China,87985.0,4669.0
2020-08-04,China,88099.0,4672.0
2020-08-05,China,88206.0,4676.0
2020-08-06,China,88328.0,4677.0
2020-08-07,China,88460.0,4680.0
2020-08-08,China,88580.0,4681.0
2020-08-09,China,88672.0,4681.0
2020-08-10,China,88793.0,4686.0
2020-08-11,China,88906.0,4690.0
2020-08-12,China,88964.0,4693.0
2020-08-13,China,89045.0,4697.0
2020-08-14,China,89144.0,4700.0
2020-08-15,China,89214.0,4701.0
2020-08-16,China,89279.0,4703.0
2020-08-17,China,89375.0,4703.0
2020-08-18,China,89441.0,4703.0
2020-08-19,China,89494.0,4705.0
2020-08-20,China,89527.0,4706.0
2020-08-21,China,89567.0,4709.0
2020-08-22,China,89616.0,4711.0
2020-08-23,China,89654.0,4711.0
2020-08-24,China,89695.0,4711.0
2020-08-25,China,89718.0,4711.0
2020-08-26,China,89752.0,4712.0
2020-08-27,China,89784.0,4713.0
2020-08-28,China,89814.0,4715.0
2020-08-29,China,89836.0,4718.0
2020-08-30,China,89863.0,4721.0
2020-08-31,China,89895.0,4722.0
2020-09-01,China,89914.0,4723.0
2020-09-02,China,89934.0,4724.0
2020-09-03,China,89953.0,4727.0
2020-09-04,China,89986.0,4728.0
2020-09-05,China,90008.0,4728.0
2020-09-06,China,90025.0,4728.0
2020-09-07,China,90058.0,4730.0
2020-09-08,China,90079.0,4732.0
2020-09-09,China,90087.0,4733.0
2020-09-10,China,90100.0,4733.0
2020-09-11,China,90127.0,4733.0
2020-09-12,China,90145.0,4733.0
2020-09-13,China,90168.0,4734.0
2020-09-14,China,90197.0,4734.0
2020-09-15,China,90219.0,4735.0
2019-12-31,France,0.0,0.0
2020-01-01,France,0.0,0.0
2020-01-02,France,0.0,0.0
2020-01-03,France,0.0,0.0
2020-01-04,France,0.0,0.0
2020-01-05,France,0.0,0.0
2020-01-06,France,0.0,0.0
2020-01-07,France,0.0,0.0
2020-01-08,France,0.0,0.0
2020-01-09,France,0.0,0.0
2020-01-10,France,0.0,0.0
2020-01-11,France,0.0,0.0
2020-01-12,France,0.0,0.0
2020-01-13,France,0.0,0.0
2020-01-14,France,0.0,0.0
2020-01-15,France,0.0,0.0
2020-01-16,France,0.0,0.0
2020-01-17,France,0.0,0.0
2020-01-18,France,0.0,0.0
2020-01-19,France,0.0,0.0
2020-01-20,France,0.0,0.0
2020-01-21,France,0.0,0.0
2020-01-22,France,0.0,0.0
2020-01-23,France,0.0,0.0
2020-01-24,France,0.0,0.0
2020-01-25,France,3.0,0.0
2020-01-26,France,3.0,0.0
2020-01-27,France,3.0,0.0
2020-01-28,France,3.0,0.0
2020-01-29,France,4.0,0.0
2020-01-30,France,5.0,0.0
2020-01-31,France,6.0,0.0
2020-02-01,France,6.0,0.0
2020-02-02,France,6.0,0.0
2020-02-03,France,6.0,0.0
2020-02-04,France,6.0,0.0
2020-02-05,France,6.0,0.0
2020-02-06,France,6.0,0.0
2020-02-07,France,6.0,0.0
2020-02-08,France,11.0,0.0
2020-02-09,France,11.0,0.0
2020-02-10,France,11.0,0.0
2020-02-11,France,11.0,0.0
2020-02-12,France,11.0,0.0
2020-02-13,France,11.0,0.0
2020-02-14,France,11.0,0.0
2020-02-15,France,11.0,1.0
2020-02-16,France,11.0,1.0
2020-02-17,France,12.0,1.0
2020-02-18,France,12.0,1.0
2020-02-19,France,12.0,1.0
2020-02-20,France,12.0,1.0
2020-02-21,France,12.0,1.0
2020-02-22,France,12.0,1.0
2020-02-23,France,12.0,1.0
2020-02-24,France,12.0,1.0
2020-02-25,France,12.0,1.0
2020-02-26,France,14.0,1.0
2020-02-27,France,17.0,2.0
2020-02-28,France,38.0,2.0
2020-02-29,France,57.0,2.0
2020-03-01,France,100.0,2.0
2020-03-02,France,130.0,2.0
2020-03-03,France,178.0,3.0
2020-03-04,France,212.0,4.0
2020-03-05,France,285.0,4.0
2020-03-06,France,423.0,7.0
2020-03-07,France,613.0,9.0
2020-03-08,France,716.0,10.0
2020-03-09,France,1126.0,19.0
2020-03-10,France,1412.0,30.0
2020-03-11,France,1784.0,33.0
2020-03-12,France,2281.0,48.0
2020-03-13,France,2876.0,61.0
2020-03-14,France,3661.0,79.0
2020-03-15,France,4499.0,91.0
2020-03-16,France,5423.0,127.0
2020-03-17,France,6633.0,148.0
2020-03-18,France,7730.0,175.0
2020-03-19,France,9134.0,244.0
2020-03-20,France,10995.0,372.0
2020-03-21,France,12612.0,450.0
2020-03-22,France,14459.0,562.0
2020-03-23,France,16018.0,674.0
2020-03-24,France,19856.0,860.0
2020-03-25,France,22302.0,1100.0
2020-03-26,France,25233.0,1331.0
2020-03-27,France,29155.0,1696.0
2020-03-28,France,32964.0,1995.0
2020-03-29,France,37575.0,2314.0
2020-03-30,France,40174.0,2606.0
2020-03-31,France,44550.0,3024.0
2020-04-01,France,52128.0,3523.0
2020-04-02,France,56989.0,4032.0
2020-04-03,France,59105.0,4503.0
2020-04-04,France,64338.0,6507.0
2020-04-05,France,68605.0,7560.0
2020-04-06,France,70478.0,8078.0
2020-04-07,France,74390.0,8911.0
2020-04-08,France,78167.0,10328.0
2020-04-09,France,82048.0,10869.0
2020-04-10,France,86334.0,12210.0
2020-04-11,France,90676.0,13197.0
2020-04-12,France,93790.0,13832.0
2020-04-13,France,95403.0,14393.0
2020-04-14,France,98076.0,14967.0
2020-04-15,France,103573.0,15729.0
2020-04-16,France,106206.0,17167.0
2020-04-17,France,108847.0,17920.0
2020-04-18,France,109252.0,18681.0
2020-04-19,France,111821.0,19323.0
2020-04-20,France,112606.0,19718.0
2020-04-21,France,114657.0,20265.0
2020-04-22,France,117324.0,20796.0
2020-04-23,France,119151.0,21340.0
2020-04-24,France,120804.0,21856.0
2020-04-25,France,122577.0,22245.0
2020-04-26,France,124114.0,22614.0
2020-04-27,France,124575.0,22856.0
2020-04-28,France,125770.0,23293.0
2020-04-29,France,126835.0,23660.0
2020-04-30,France,128442.0,24087.0
2020-05-01,France,129581.0,24376.0
2020-05-02,France,130185.0,24594.0
2020-05-03,France,130979.0,24760.0
2020-05-04,France,131287.0,24895.0
2020-05-05,France,131863.0,25201.0
2020-05-06,France,132967.0,25531.0
2020-05-07,France,137150.0,25809.0
2020-05-08,France,137779.0,25987.0
2020-05-09,France,138421.0,26230.0
2020-05-10,France,138854.0,26310.0
2020-05-11,France,139063.0,26380.0
2020-05-12,France,139519.0,26643.0
2020-05-13,France,140227.0,26991.0
2020-05-14,France,140734.0,27074.0
2020-05-15,France,141356.0,27425.0
2020-05-16,France,141919.0,27555.0
2020-05-17,France,142291.0,27643.0
2020-05-18,France,142411.0,27711.0
2020-05-19,France,142903.0,27897.0
2020-05-20,France,143427.0,28022.0
2020-05-21,France,143845.0,28132.0
2020-05-22,France,144163.0,28215.0
2020-05-23,France,144566.0,28289.0
2020-05-24,France,144806.0,28332.0
2020-05-25,France,144921.0,28367.0
2020-05-26,France,145279.0,28432.0
2020-05-27,France,145555.0,28530.0
2020-05-28,France,145746.0,28596.0
2020-05-29,France,149071.0,28662.0
2020-05-30,France,149668.0,28714.0
2020-05-31,France,151496.0,28771.0
2020-06-01,France,151753.0,28802.0
2020-06-02,France,152091.0,28833.0
2020-06-03,France,151325.0,28940.0
2020-06-04,France,151677.0,29021.0
2020-06-05,France,152444.0,29065.0
2020-06-06,France,153055.0,29111.0
2020-06-07,France,153634.0,29142.0
2020-06-08,France,153977.0,29155.0
2020-06-09,France,154188.0,29209.0
2020-06-10,France,154591.0,29296.0
2020-06-11,France,155136.0,29319.0
2020-06-12,France,155561.0,29346.0
2020-06-13,France,156287.0,29374.0
2020-06-14,France,156813.0,29398.0
2020-06-15,France,157220.0,29407.0
2020-06-16,France,157372.0,29436.0
2020-06-17,France,157716.0,29547.0
2020-06-18,France,158174.0,29575.0
2020-06-19,France,158641.0,29603.0
2020-06-20,France,159452.0,29617.0
2020-06-21,France,160093.0,29633.0
2020-06-22,France,160377.0,29640.0
2020-06-23,France,160750.0,29663.0
2020-06-24,France,161267.0,29720.0
2020-06-25,France,161348.0,29731.0
2020-06-26,France,161348.0,29752.0
2020-06-27,France,162936.0,29778.0
2020-06-28,France,162936.0,29778.0
2020-06-29,France,162936.0,29778.0
2020-06-30,France,164260.0,29813.0
2020-07-01,France,164801.0,29843.0
2020-07-02,France,165719.0,29861.0
2020-07-03,France,166378.0,29875.0
2020-07-04,France,166960.0,29893.0
2020-07-05,France,166960.0,29893.0
2020-07-06,France,166960.0,29893.0
2020-07-07,France,168335.0,29920.0
2020-07-08,France,168810.0,29933.0
2020-07-09,France,169473.0,29965.0
2020-07-10,France,170094.0,29979.0
2020-07-11,France,170752.0,30004.0
2020-07-12,France,170752.0,30004.0
2020-07-13,France,170752.0,30004.0
2020-07-14,France,172377.0,30029.0
2020-07-15,France,172377.0,30029.0
2020-07-16,France,173304.0,30120.0
2020-07-17,France,173838.0,30138.0
2020-07-18,France,174674.0,30152.0
2020-07-19,France,174674.0,30152.0
2020-07-20,France,174674.0,30152.0
2020-07-21,France,176754.0,30165.0
2020-07-22,France,177338.0,30165.0
2020-07-23,France,178336.0,30172.0
2020-07-24,France,179398.0,30182.0
2020-07-25,France,180528.0,30192.0
2020-07-26,France,180528.0,30192.0
2020-07-27,France,180528.0,30192.0
2020-07-28,France,183079.0,30209.0
2020-07-29,France,183804.0,30223.0
2020-07-30,France,185196.0,30238.0
2020-07-31,France,186573.0,30254.0
2020-08-01,France,187919.0,30265.0
2020-08-02,France,187919.0,30265.0
2020-08-03,France,187919.0,30265.0
2020-08-04,France,191295.0,30294.0
2020-08-05,France,192334.0,30296.0
2020-08-06,France,194029.0,30305.0
2020-08-07,France,195633.0,30312.0
2020-08-08,France,197921.0,30324.0
2020-08-09,France,197921.0,30324.0
2020-08-10,France,197921.0,30324.0
2020-08-11,France,202775.0,30340.0
2020-08-12,France,204172.0,30354.0
2020-08-13,France,206696.0,30371.0
2020-08-14,France,209365.0,30388.0
2020-08-15,France,212211.0,30406.0
2020-08-16,France,215521.0,30409.0
2020-08-17,France,218536.0,30410.0
2020-08-18,France,219029.0,30429.0
2020-08-19,France,221267.0,30451.0
2020-08-20,France,225043.0,30468.0
2020-08-21,France,229814.0,30480.0
2020-08-22,France,234400.0,30503.0
2020-08-23,France,238002.0,30512.0
2020-08-24,France,242899.0,30513.0
2020-08-25,France,244854.0,30528.0
2020-08-26,France,248158.0,30544.0
2020-08-27,France,253587.0,30544.0
2020-08-28,France,259698.0,30576.0
2020-08-29,France,267077.0,30596.0
2020-08-30,France,272530.0,30602.0
2020-08-31,France,277943.0,30606.0
2020-09-01,France,281025.0,30635.0
2020-09-02,France,286007.0,30661.0
2020-09-03,France,293024.0,30686.0
2020-09-04,France,300181.0,30686.0
2020-09-05,France,309156.0,30686.0
2020-09-06,France,317706.0,30698.0
2020-09-07,France,324777.0,30701.0
2020-09-08,France,328980.0,30726.0
2020-09-09,France,335524.0,30764.0
2020-09-10,France,344101.0,30794.0
2020-09-11,France,353944.0,30813.0
2020-09-12,France,363350.0,30893.0
2020-09-13,France,373911.0,30910.0
2020-09-14,France,381094.0,30916.0
2020-09-15,France,387252.0,30950.0
2019-12-31,Germany,0.0,0.0
2020-01-01,Germany,0.0,0.0
2020-01-02,Germany,0.0,0.0
2020-01-03,Germany,0.0,0.0
2020-01-04,Germany,0.0,0.0
2020-01-05,Germany,0.0,0.0
2020-01-06,Germany,0.0,0.0
2020-01-07,Germany,0.0,0.0
2020-01-08,Germany,0.0,0.0
2020-01-09,Germany,0.0,0.0
2020-01-10,Germany,0.0,0.0
2020-01-11,Germany,0.0,0.0
2020-01-12,Germany,0.0,0.0
2020-01-13,Germany,0.0,0.0
2020-01-14,Germany,0.0,0.0
2020-01-15,Germany,0.0,0.0
2020-01-16,Germany,0.0,0.0
2020-01-17,Germany,0.0,0.0
2020-01-18,Germany,0.0,0.0
2020-01-19,Germany,0.0,0.0
2020-01-20,Germany,0.0,0.0
2020-01-21,Germany,0.0,0.0
2020-01-22,Germany,0.0,0.0
2020-01-23,Germany,0.0,0.0
2020-01-24,Germany,0.0,0.0
2020-01-25,Germany,0.0,0.0
2020-01-26,Germany,0.0,0.0
2020-01-27,Germany,0.0,0.0
2020-01-28,Germany,1.0,0.0
2020-01-29,Germany,4.0,0.0
2020-01-30,Germany,4.0,0.0
2020-01-31,Germany,5.0,0.0
2020-02-01,Germany,7.0,0.0
2020-02-02,Germany,8.0,0.0
2020-02-03,Germany,9.0,0.0
2020-02-04,Germany,11.0,0.0
2020-02-05,Germany,11.0,0.0
2020-02-06,Germany,11.0,0.0
2020-02-07,Germany,12.0,0.0
2020-02-08,Germany,13.0,0.0
2020-02-09,Germany,13.0,0.0
2020-02-10,Germany,13.0,0.0
2020-02-11,Germany,13.0,0.0
2020-02-12,Germany,15.0,0.0
2020-02-13,Germany,15.0,0.0
2020-02-14,Germany,15.0,0.0
2020-02-15,Germany,15.0,0.0
2020-02-16,Germany,15.0,0.0
2020-02-17,Germany,15.0,0.0
2020-02-18,Germany,15.0,0.0
2020-02-19,Germany,15.0,0.0
2020-02-20,Germany,15.0,0.0
2020-02-21,Germany,15.0,0.0
2020-02-22,Germany,15.0,0.0
2020-02-23,Germany,15.0,0.0
2020-02-24,Germany,15.0,0.0
2020-02-25,Germany,15.0,0.0
2020-02-26,Germany,17.0,0.0
2020-02-27,Germany,21.0,0.0
2020-02-28,Germany,47.0,0.0
2020-02-29,Germany,57.0,0.0
2020-03-01,Germany,111.0,0.0
2020-03-02,Germany,129.0,0.0
2020-03-03,Germany,157.0,0.0
2020-03-04,Germany,196.0,0.0
2020-03-05,Germany,262.0,0.0
2020-03-06,Germany,400.0,0.0
2020-03-07,Germany,684.0,0.0
2020-03-08,Germany,847.0,0.0
2020-03-09,Germany,902.0,0.0
2020-03-10,Germany,1139.0,2.0
2020-03-11,Germany,1296.0,2.0
2020-03-12,Germany,1567.0,3.0
2020-03-13,Germany,2369.0,5.0
2020-03-14,Germany,3062.0,5.0
2020-03-15,Germany,3795.0,8.0
2020-03-16,Germany,4838.0,12.0
2020-03-17,Germany,6012.0,13.0
2020-03-18,Germany,7156.0,13.0
2020-03-19,Germany,8198.0,13.0
2020-03-20,Germany,14138.0,43.0
2020-03-21,Germany,18187.0,45.0
2020-03-22,Germany,21463.0,67.0
2020-03-23,Germany,24774.0,94.0
2020-03-24,Germany,29212.0,126.0
2020-03-25,Germany,31554.0,149.0
2020-03-26,Germany,36508.0,198.0
2020-03-27,Germany,42288.0,253.0
2020-03-28,Germany,48582.0,325.0
2020-03-29,Germany,52547.0,389.0
2020-03-30,Germany,57298.0,455.0
2020-03-31,Germany,61913.0,583.0
2020-04-01,Germany,67366.0,732.0
2020-04-02,Germany,73522.0,872.0
2020-04-03,Germany,79696.0,1017.0
2020-04-04,Germany,85778.0,1158.0
2020-04-05,Germany,91714.0,1342.0
2020-04-06,Germany,95391.0,1434.0
2020-04-07,Germany,99225.0,1607.0
2020-04-08,Germany,103228.0,1861.0
2020-04-09,Germany,108202.0,2107.0
2020-04-10,Germany,113525.0,2373.0
2020-04-11,Germany,117658.0,2544.0
2020-04-12,Germany,120479.0,2673.0
2020-04-13,Germany,123016.0,2799.0
2020-04-14,Germany,125098.0,2969.0
2020-04-15,Germany,127584.0,3254.0
2020-04-16,Germany,130450.0,3569.0
2020-04-17,Germany,133830.0,3868.0
2020-04-18,Germany,137439.0,4110.0
2020-04-19,Germany,139897.0,4294.0
2020-04-20,Germany,141672.0,4404.0
2020-04-21,Germany,143457.0,4598.0
2020-04-22,Germany,145694.0,4879.0
2020-04-23,Germany,148046.0,5094.0
2020-04-24,Germany,150383.0,5321.0
2020-04-25,Germany,152438.0,5500.0
2020-04-26,Germany,154175.0,5640.0
2020-04-27,Germany,155193.0,5750.0
2020-04-28,Germany,156337.0,5913.0
2020-04-29,Germany,157641.0,6115.0
2020-04-30,Germany,159119.0,6288.0
2020-05-01,Germany,160758.0,6481.0
2020-05-02,Germany,161703.0,6575.0
2020-05-03,Germany,162496.0,6649.0
2020-05-04,Germany,163175.0,6692.0
2020-05-05,Germany,163860.0,6831.0
2020-05-06,Germany,164897.0,6996.0
2020-05-07,Germany,166091.0,7119.0
2020-05-08,Germany,167300.0,7266.0
2020-05-09,Germany,168551.0,7369.0
2020-05-10,Germany,169218.0,7395.0
2020-05-11,Germany,169575.0,7417.0
2020-05-12,Germany,170508.0,7533.0
2020-05-13,Germany,171306.0,7634.0
2020-05-14,Germany,172239.0,7723.0
2020-05-15,Germany,173152.0,7824.0
2020-05-16,Germany,173772.0,7881.0
2020-05-17,Germany,174355.0,7914.0
2020-05-18,Germany,174697.0,7935.0
2020-05-19,Germany,175210.0,8007.0
2020-05-20,Germany,176007.0,8090.0
2020-05-21,Germany,176752.0,8147.0
2020-05-22,Germany,177212.0,8174.0
2020-05-23,Germany,177850.0,8216.0
2020-05-24,Germany,178281.0,8247.0
2020-05-25,Germany,178570.0,8257.0
2020-05-26,Germany,179002.0,8302.0
2020-05-27,Germany,179364.0,8349.0
2020-05-28,Germany,179717.0,8411.0
2020-05-29,Germany,180458.0,8450.0
2020-05-30,Germany,181196.0,8489.0
2020-05-31,Germany,181482.0,8500.0
2020-06-01,Germany,181815.0,8511.0
2020-06-02,Germany,182028.0,8522.0
2020-06-03,Germany,182370.0,8551.0
2020-06-04,Germany,182764.0,8581.0
2020-06-05,Germany,183271.0,8613.0
2020-06-06,Germany,183678.0,8646.0
2020-06-07,Germany,183979.0,8668.0
2020-06-08,Germany,184193.0,8674.0
2020-06-09,Germany,184543.0,8711.0
2020-06-10,Germany,184861.0,8729.0
2020-06-11,Germany,185416.0,8755.0
2020-06-12,Germany,185674.0,8763.0
2020-06-13,Germany,186022.0,8781.0
2020-06-14,Germany,186269.0,8787.0
2020-06-15,Germany,186461.0,8791.0
2020-06-16,Germany,186839.0,8800.0
2020-06-17,Germany,187184.0,8830.0
2020-06-18,Germany,187764.0,8856.0
2020-06-19,Germany,188534.0,8872.0
2020-06-20,Germany,189135.0,8882.0
2020-06-21,Germany,189822.0,8882.0
2020-06-22,Germany,190359.0,8885.0
2020-06-23,Germany,190862.0,8895.0
2020-06-24,Germany,191449.0,8914.0
2020-06-25,Germany,192079.0,8927.0
2020-06-26,Germany,192556.0,8948.0
2020-06-27,Germany,193243.0,8954.0
2020-06-28,Germany,193499.0,8957.0
2020-06-29,Germany,193761.0,8961.0
2020-06-30,Germany,194259.0,8973.0
2020-07-01,Germany,194725.0,8985.0
2020-07-02,Germany,195228.0,8994.0
2020-07-03,Germany,195674.0,9003.0
2020-07-04,Germany,196096.0,9010.0
2020-07-05,Germany,196335.0,9012.0
2020-07-06,Germany,196554.0,9016.0
2020-07-07,Germany,196944.0,9024.0
2020-07-08,Germany,197341.0,9036.0
2020-07-09,Germany,197783.0,9048.0
2020-07-10,Germany,198178.0,9054.0
2020-07-11,Germany,198556.0,9060.0
2020-07-12,Germany,198804.0,9063.0
2020-07-13,Germany,198963.0,9064.0
2020-07-14,Germany,199375.0,9068.0
2020-07-15,Germany,199726.0,9071.0
2020-07-16,Germany,200260.0,9078.0
2020-07-17,Germany,200843.0,9082.0
2020-07-18,Germany,201372.0,9083.0
2020-07-19,Germany,201574.0,9084.0
2020-07-20,Germany,201823.0,9086.0
2020-07-21,Germany,202345.0,9090.0
2020-07-22,Germany,202799.0,9095.0
2020-07-23,Germany,203368.0,9101.0
2020-07-24,Germany,204183.0,9111.0
2020-07-25,Germany,204964.0,9118.0
2020-07-26,Germany,205269.0,9118.0
2020-07-27,Germany,205609.0,9118.0
2020-07-28,Germany,206242.0,9122.0
2020-07-29,Germany,206926.0,9128.0
2020-07-30,Germany,207828.0,9134.0
2020-07-31,Germany,208698.0,9141.0
2020-08-01,Germany,209653.0,9141.0
2020-08-02,Germany,209893.0,9141.0
2020-08-03,Germany,210402.0,9148.0
2020-08-04,Germany,211281.0,9156.0
2020-08-05,Germany,212022.0,9168.0
2020-08-06,Germany,213762.0,9175.0
2020-08-07,Germany,214926.0,9183.0
2020-08-08,Germany,215921.0,9195.0
2020-08-09,Germany,216625.0,9196.0
2020-08-10,Germany,216942.0,9197.0
2020-08-11,Germany,218021.0,9201.0
2020-08-12,Germany,219203.0,9207.0
2020-08-13,Germany,220724.0,9211.0
2020-08-14,Germany,222176.0,9225.0
2020-08-15,Germany,223515.0,9231.0
2020-08-16,Germany,224233.0,9231.0
2020-08-17,Germany,224714.0,9232.0
2020-08-18,Germany,226145.0,9232.0
2020-08-19,Germany,226914.0,9243.0
2020-08-20,Germany,228621.0,9253.0
2020-08-21,Germany,230948.0,9260.0
2020-08-22,Germany,232082.0,9267.0
2020-08-23,Germany,232864.0,9269.0
2020-08-24,Germany,233575.0,9272.0
2020-08-25,Germany,234853.0,9277.0
2020-08-26,Germany,236429.0,9280.0
2020-08-27,Germany,237936.0,9285.0
2020-08-28,Germany,239507.0,9288.0
2020-08-29,Germany,240986.0,9289.0
2020-08-30,Germany,241771.0,9295.0
2020-08-31,Germany,242381.0,9298.0
2020-09-01,Germany,243599.0,9302.0
2020-09-02,Germany,244855.0,9313.0
2020-09-03,Germany,246166.0,9321.0
2020-09-04,Germany,247619.0,9322.0
2020-09-05,Germany,248997.0,9324.0
2020-09-06,Germany,249985.0,9325.0
2020-09-07,Germany,250799.0,9325.0
2020-09-08,Germany,252298.0,9329.0
2020-09-09,Germany,253474.0,9338.0
2020-09-10,Germany,255366.0,9341.0
2020-09-11,Germany,256850.0,9342.0
2020-09-12,Germany,258480.0,9347.0
2020-09-13,Germany,259428.0,9349.0
2020-09-14,Germany,260355.0,9350.0
2020-09-15,Germany,261762.0,9362.0
2019-12-31,India,0.0,0.0
2020-01-01,India,0.0,0.0
2020-01-02,India,0.0,0.0
2020-01-03,India,0.0,0.0
2020-01-04,India,0.0,0.0
2020-01-05,India,0.0,0.0
2020-01-06,India,0.0,0.0
2020-01-07,India,0.0,0.0
2020-01-08,India,0.0,0.0
2020-01-09,India,0.0,0.0
2020-01-10,India,0.0,0.0
2020-01-11,India,0.0,0.0
2020-01-12,India,0.0,0.0
2020-01-13,India,0.0,0.0
2020-01-14,India,0.0,0.0
2020-01-15,India,0.0,0.0
2020-01-16,India,0.0,0.0
2020-01-17,India,0.0,0.0
2020-01-18,India,0.0,0.0
2020-01-19,India,0.0,0.0
2020-01-20,India,0.0,0.0
2020-01-21,India,0.0,0.0
2020-01-22,India,0.0,0.0
2020-01-23,India,0.0,0.0
2020-01-24,India,0.0,0.0
2020-01-25,India,0.0,0.0
2020-01-26,India,0.0,0.0
2020-01-27,India,0.0,0.0
2020-01-28,India,0.0,0.0
2020-01-29,India,0.0,0.0
2020-01-30,India,1.0,0.0
2020-01-31,India,1.0,0.0
2020-02-01,India,1.0,0.0
2020-02-02,India,2.0,0.0
2020-02-03,India,2.0,0.0
2020-02-04,India,3.0,0.0
2020-02-05,India,3.0,0.0
2020-02-06,India,3.0,0.0
2020-02-07,India,3.0,0.0
2020-02-08,India,3.0,0.0
2020-02-09,India,3.0,0.0
2020-02-10,India,3.0,0.0
2020-02-11,India,3.0,0.0
2020-02-12,India,3.0,0.0
2020-02-13,India,3.0,0.0
2020-02-14,India,3.0,0.0
2020-02-15,India,3.0,0.0
2020-02-16,India,3.0,0.0
2020-02-17,India,3.0,0.0
2020-02-18,India,3.0,0.0
2020-02-19,India,3.0,0.0
2020-02-20,India,3.0,0.0
2020-02-21,India,3.0,0.0
2020-02-22,India,3.0,0.0
2020-02-23,India,3.0,0.0
2020-02-24,India,3.0,0.0
2020-02-25,India,3.0,0.0
2020-02-26,India,3.0,0.0
2020-02-27,India,3.0,0.0
2020-02-28,India,3.0,0.0
2020-02-29,India,3.0,0.0
2020-03-01,India,3.0,0.0
2020-03-02,India,3.0,0.0
2020-03-03,India,5.0,0.0
2020-03-04,India,6.0,0.0
2020-03-05,India,28.0,0.0
2020-03-06,India,29.0,0.0
2020-03-07,India,31.0,0.0
2020-03-08,India,34.0,0.0
2020-03-09,India,,
2020-03-10,India,44.0,0.0
2020-03-11,India,50.0,0.0
2020-03-12,India,73.0,0.0
2020-03-13,India,75.0,1.0
2020-03-14,India,83.0,2.0
2020-03-15,India,90.0,2.0
2020-03-16,India,93.0,2.0
2020-03-17,India,125.0,3.0
2020-03-18,India,137.0,3.0
2020-03-19,India,165.0,3.0
2020-03-20,India,191.0,4.0
2020-03-21,India,231.0,4.0
2020-03-22,India,320.0,4.0
2020-03-23,India,439.0,7.0
2020-03-24,India,492.0,9.0
2020-03-25,India,562.0,9.0
2020-03-26,India,649.0,13.0
2020-03-27,India,724.0,17.0
2020-03-28,India,873.0,19.0
2020-03-29,India,979.0,25.0
2020-03-30,India,1071.0,29.0
2020-03-31,India,1251.0,32.0
2020-04-01,India,1397.0,35.0
2020-04-02,India,1965.0,50.0
2020-04-03,India,2301.0,56.0
2020-04-04,India,2902.0,68.0
2020-04-05,India,3374.0,77.0
2020-04-06,India,4067.0,109.0
2020-04-07,India,4421.0,114.0
2020-04-08,India,5194.0,149.0
2020-04-09,India,5734.0,166.0
2020-04-10,India,6412.0,199.0
2020-04-11,India,7447.0,239.0
2020-04-12,India,8356.0,273.0
2020-04-13,India,9152.0,308.0
2020-04-14,India,10363.0,339.0
2020-04-15,India,11438.0,377.0
2020-04-16,India,12380.0,414.0
2020-04-17,India,13387.0,437.0
2020-04-18,India,14378.0,480.0
2020-04-19,India,15712.0,507.0
2020-04-20,India,17265.0,543.0
2020-04-21,India,18600.0,590.0
2020-04-22,India,19984.0,640.0
2020-04-23,India,21393.0,681.0
2020-04-24,India,23077.0,718.0
2020-04-25,India,24506.0,775.0
2020-04-26,India,26496.0,824.0
2020-04-27,India,27892.0,872.0
2020-04-28,India,29435.0,934.0
2020-04-29,India,31332.0,1007.0
2020-04-30,India,33050.0,1074.0
2020-05-01,India,35043.0,1147.0
2020-05-02,India,37336.0,1218.0
2020-05-03,India,39980.0,1301.0
2020-05-04,India,42533.0,1373.0
2020-05-05,India,46433.0,1568.0
2020-05-06,India,49391.0,1694.0
2020-05-07,India,52952.0,1783.0
2020-05-08,India,56342.0,1886.0
2020-05-09,India,59662.0,1981.0
2020-05-10,India,62939.0,2109.0
2020-05-11,India,67152.0,2206.0
2020-05-12,India,70756.0,2293.0
2020-05-13,India,74281.0,2415.0
2020-05-14,India,78003.0,2549.0
2020-05-15,India,81970.0,2649.0
2020-05-16,India,85940.0,2752.0
2020-05-17,India,90927.0,2872.0
2020-05-18,India,96169.0,3029.0
2020-05-19,India,101139.0,3163.0
2020-05-20,India,106750.0,3303.0
2020-05-21,India,112359.0,3435.0
2020-05-22,India,118447.0,3583.0
2020-05-23,India,125101.0,3720.0
2020-05-24,India,131868.0,3867.0
2020-05-25,India,138845.0,4021.0
2020-05-26,India,145380.0,4167.0
2020-05-27,India,151767.0,4337.0
2020-05-28,India,158333.0,4531.0
2020-05-29,India,165799.0,4706.0
2020-05-30,India,173763.0,4971.0
2020-05-31,India,182143.0,5164.0
2020-06-01,India,190535.0,5394.0
2020-06-02,India,198706.0,5598.0
2020-06-03,India,207615.0,5815.0
2020-06-04,India,216919.0,6075.0
2020-06-05,India,226770.0,6348.0
2020-06-06,India,236657.0,6642.0
2020-06-07,India,246628.0,6929.0
2020-06-08,India,256611.0,7135.0
2020-06-09,India,266598.0,7466.0
2020-06-10,India,276583.0,7745.0
2020-06-11,India,286579.0,8102.0
2020-06-12,India,297535.0,8498.0
2020-06-13,India,308993.0,8884.0
2020-06-14,India,320922.0,9195.0
2020-06-15,India,332424.0,9520.0
2020-06-16,India,343091.0,9900.0
2020-06-17,India,354065.0,11903.0
2020-06-18,India,366946.0,12237.0
2020-06-19,India,380532.0,12573.0
2020-06-20,India,395048.0,12948.0
2020-06-21,India,410461.0,13254.0
2020-06-22,India,425282.0,13699.0
2020-06-23,India,440215.0,14011.0
2020-06-24,India,456183.0,14476.0
2020-06-25,India,473105.0,14894.0
2020-06-26,India,490401.0,15301.0
2020-06-27,India,508953.0,15685.0
2020-06-28,India,528859.0,16095.0
2020-06-29,India,548318.0,16475.0
2020-06-30,India,566840.0,16893.0
2020-07-01,India,585493.0,17400.0
2020-07-02,India,604641.0,17834.0
2020-07-03,India,625544.0,18213.0
2020-07-04,India,648315.0,18655.0
2020-07-05,India,673165.0,19268.0
2020-07-06,India,697413.0,19693.0
2020-07-07,India,719665.0,20160.0
2020-07-08,India,742417.0,20642.0
2020-07-09,India,767296.0,21129.0
2020-07-10,India,793802.0,21604.0
2020-07-11,India,820916.0,22123.0
2020-07-12,India,849553.0,22674.0
2020-07-13,India,878254.0,23174.0
2020-07-14,India,906752.0,23727.0
2020-07-15,India,936181.0,24309.0
2020-07-16,India,968876.0,24915.0
2020-07-17,India,1003832.0,25602.0
2020-07-18,India,1038716.0,26273.0
2020-07-19,India,1077618.0,26816.0
2020-07-20,India,1118043.0,27497.0
2020-07-21,India,1155191.0,28084.0
2020-07-22,India,1192915.0,28732.0
2020-07-23,India,1238635.0,29861.0
2020-07-24,India,1287945.0,30601.0
2020-07-25,India,1336861.0,31358.0
2020-07-26,India,1385522.0,32063.0
2020-07-27,India,1435453.0,32771.0
2020-07-28,India,1483156.0,33425.0
2020-07-29,India,1531669.0,34193.0
2020-07-30,India,1583792.0,34968.0
2020-07-31,India,1638870.0,35747.0
2020-08-01,India,1695988.0,36511.0
2020-08-02,India,1750723.0,37364.0
2020-08-03,India,1803695.0,38135.0
2020-08-04,India,1855745.0,38938.0
2020-08-05,India,1908254.0,39795.0
2020-08-06,India,1964536.0,40699.0
2020-08-07,India,2027074.0,41585.0
2020-08-08,India,2088611.0,42518.0
2020-08-09,India,2153010.0,43379.0
2020-08-10,India,2215074.0,44386.0
2020-08-11,India,2268675.0,45257.0
2020-08-12,India,2329638.0,46091.0
2020-08-13,India,2396637.0,47033.0
2020-08-14,India,2461190.0,48040.0
2020-08-15,India,2526192.0,49036.0
2020-08-16,India,2589682.0,49980.0
2020-08-17,India,2647663.0,50921.0
2020-08-18,India,2702742.0,51797.0
2020-08-19,India,2767273.0,52889.0
2020-08-20,India,2836925.0,53866.0
2020-08-21,India,2905823.0,54849.0
2020-08-22,India,2975701.0,55794.0
2020-08-23,India,3044940.0,56706.0
2020-08-24,India,3106348.0,57542.0
2020-08-25,India,3167323.0,58390.0
2020-08-26,India,3234474.0,59449.0
2020-08-27,India,3310234.0,60472.0
2020-08-28,India,3387500.0,61529.0
2020-08-29,India,3463972.0,62550.0
2020-08-30,India,3542733.0,63498.0
2020-08-31,India,3621245.0,64469.0
2020-09-01,India,3691166.0,65228.0
2020-09-02,India,3769523.0,66333.0
2020-09-03,India,3853406.0,67376.0
2020-09-04,India,3936747.0,68472.0
2020-09-05,India,4023179.0,69561.0
2020-09-06,India,4113811.0,70626.0
2020-09-07,India,4204613.0,71642.0
2020-09-08,India,4280422.0,72775.0
2020-09-09,India,4370128.0,73890.0
2020-09-10,India,4465863.0,75062.0
2020-09-11,India,4562414.0,76271.0
2020-09-12,India,4659984.0,77472.0
2020-09-13,India,4754356.0,78586.0
2020-09-14,India,4846427.0,79722.0
2020-09-15,India,4930236.0,80776.0
2019-12-31,Italy,0.0,0.0
2020-01-01,Italy,0.0,0.0
2020-01-02,Italy,0.0,0.0
2020-01-03,Italy,0.0,0.0
2020-01-04,Italy,0.0,0.0
2020-01-05,Italy,0.0,0.0
2020-01-06,Italy,0.0,0.0
2020-01-07,Italy,0.0,0.0
2020-01-08,Italy,0.0,0.0
2020-01-09,Italy,0.0,0.0
2020-01-10,Italy,0.0,0.0
2020-01-11,Italy,0.0,0.0
2020-01-12,Italy,0.0,0.0
2020-01-13,Italy,0.0,0.0
2020-01-14,Italy,0.0,0.0
2020-01-15,Italy,0.0,0.0
2020-01-16,Italy,0.0,0.0
2020-01-17,Italy,0.0,0.0
2020-01-18,Italy,0.0,0.0
2020-01-19,Italy,0.0,0.0
2020-01-20,Italy,0.0,0.0
2020-01-21,Italy,0.0,0.0
2020-01-22,Italy,0.0,0.0
2020-01-23,Italy,0.0,0.0
2020-01-24,Italy,0.0,0.0
2020-01-25,Italy,0.0,0.0
2020-01-26,Italy,0.0,0.0
2020-01-27,Italy,0.0,0.0
2020-01-28,Italy,0.0,0.0
2020-01-29,Italy,0.0,0.0
2020-01-30,Italy,0.0,0.0
2020-01-31,Italy,3.0,0.0
2020-02-01,Italy,3.0,0.0
2020-02-02,Italy,3.0,0.0
2020-02-03,Italy,3.0,0.0
2020-02-04,Italy,3.0,0.0
2020-02-05,Italy,3.0,0.0
2020-02-06,Italy,3.0,0.0
2020-02-07,Italy,3.0,0.0
2020-02-08,Italy,3.0,0.0
2020-02-09,Italy,3.0,0.0
2020-02-10,Italy,3.0,0.0
2020-02-11,Italy,3.0,0.0
2020-02-12,Italy,3.0,0.0
2020-02-13,Italy,3.0,0.0
2020-02-14,Italy,3.0,0.0
2020-02-15,Italy,3.0,0.0
2020-02-16,Italy,3.0,0.0
2020-02-17,Italy,3.0,0.0
2020-02-18,Italy,3.0,0.0
2020-02-19,Italy,3.0,0.0
2020-02-20,Italy,3.0,0.0
2020-02-21,Italy,3.0,0.0
2020-02-22,Italy,17.0,0.0
2020-02-23,Italy,79.0,2.0
2020-02-24,Italy,132.0,2.0
2020-02-25,Italy,229.0,6.0
2020-02-26,Italy,322.0,11.0
2020-02-27,Italy,400.0,12.0
2020-02-28,Italy,650.0,17.0
2020-02-29,Italy,888.0,21.0
2020-03-01,Italy,1128.0,29.0
2020-03-02,Italy,1689.0,35.0
2020-03-03,Italy,2036.0,52.0
2020-03-04,Italy,2502.0,80.0
2020-03-05,Italy,3089.0,107.0
2020-03-06,Italy,3858.0,148.0
2020-03-07,Italy,4636.0,197.0
2020-03-08,Italy,5883.0,233.0
2020-03-09,Italy,7375.0,366.0
2020-03-10,Italy,9172.0,464.0
2020-03-11,Italy,10149.0,631.0
2020-03-12,Italy,12462.0,827.0
2020-03-13,Italy,15113.0,1016.0
2020-03-14,Italy,17660.0,1268.0
2020-03-15,Italy,21157.0,1441.0
2020-03-16,Italy,23980.0,1811.0
2020-03-17,Italy,27980.0,2158.0
2020-03-18,Italy,31506.0,2505.0
2020-03-19,Italy,35713.0,2978.0
2020-03-20,Italy,41035.0,3407.0
2020-03-21,Italy,47021.0,4032.0
2020-03-22,Italy,53578.0,4827.0
2020-03-23,Italy,59138.0,5476.0
2020-03-24,Italy,63927.0,6077.0
2020-03-25,Italy,69176.0,6820.0
2020-03-26,Italy,74386.0,7505.0
2020-03-27,Italy,80539.0,8165.0
2020-03-28,Italy,86498.0,9136.0
2020-03-29,Italy,92472.0,10023.0
2020-03-30,Italy,97689.0,10781.0
2020-03-31,Italy,101739.0,11591.0
2020-04-01,Italy,105792.0,12430.0
2020-04-02,Italy,110574.0,13157.0
2020-04-03,Italy,115242.0,13917.0
2020-04-04,Italy,119827.0,14681.0
2020-04-05,Italy,124632.0,15362.0
2020-04-06,Italy,128948.0,15889.0
2020-04-07,Italy,132547.0,16525.0
2020-04-08,Italy,135586.0,17129.0
2020-04-09,Italy,139422.0,17669.0
2020-04-10,Italy,143626.0,18281.0
2020-04-11,Italy,147577.0,18851.0
2020-04-12,Italy,152271.0,19470.0
2020-04-13,Italy,156363.0,19901.0
2020-04-14,Italy,159516.0,20465.0
2020-04-15,Italy,162488.0,21069.0
2020-04-16,Italy,165155.0,21647.0
2020-04-17,Italy,168941.0,22172.0
2020-04-18,Italy,172434.0,22747.0
2020-04-19,Italy,175925.0,23227.0
2020-04-20,Italy,178972.0,23660.0
2020-04-21,Italy,181228.0,24114.0
2020-04-22,Italy,183957.0,24648.0
2020-04-23,Italy,187327.0,25085.0
2020-04-24,Italy,189973.0,25549.0
2020-04-25,Italy,192994.0,25969.0
2020-04-26,Italy,195351.0,26384.0
2020-04-27,Italy,197675.0,26644.0
2020-04-28,Italy,199414.0,26977.0
2020-04-29,Italy,201505.0,27359.0
2020-04-30,Italy,203591.0,27682.0
2020-05-01,Italy,205463.0,27967.0
2020-05-02,Italy,207428.0,28236.0
2020-05-03,Italy,209328.0,28710.0
2020-05-04,Italy,210717.0,28884.0
2020-05-05,Italy,211938.0,29079.0
2020-05-06,Italy,213013.0,29315.0
2020-05-07,Italy,214457.0,29684.0
2020-05-08,Italy,215858.0,29958.0
2020-05-09,Italy,217185.0,30201.0
2020-05-10,Italy,218268.0,30395.0
2020-05-11,Italy,219070.0,30560.0
2020-05-12,Italy,219814.0,30739.0
2020-05-13,Italy,221216.0,30911.0
2020-05-14,Italy,222104.0,31106.0
2020-05-15,Italy,223096.0,31368.0
2020-05-16,Italy,223885.0,31610.0
2020-05-17,Italy,224760.0,31763.0
2020-05-18,Italy,225435.0,31908.0
2020-05-19,Italy,225886.0,32007.0
2020-05-20,Italy,226699.0,32169.0
2020-05-21,Italy,227364.0,32330.0
2020-05-22,Italy,228006.0,32486.0
2020-05-23,Italy,228658.0,32616.0
2020-05-24,Italy,229327.0,32735.0
2020-05-25,Italy,229858.0,32785.0
2020-05-26,Italy,230158.0,32877.0
2020-05-27,Italy,230555.0,32955.0
2020-05-28,Italy,231139.0,33072.0
2020-05-29,Italy,231732.0,33142.0
2020-05-30,Italy,232248.0,33229.0
2020-05-31,Italy,232664.0,33340.0
2020-06-01,Italy,233019.0,33415.0
2020-06-02,Italy,233197.0,33475.0
2020-06-03,Italy,233515.0,33530.0
2020-06-04,Italy,233836.0,33601.0
2020-06-05,Italy,234013.0,33689.0
2020-06-06,Italy,234531.0,33774.0
2020-06-07,Italy,234801.0,33846.0
2020-06-08,Italy,234998.0,33899.0
2020-06-09,Italy,235278.0,33964.0
2020-06-10,Italy,235561.0,34043.0
2020-06-11,Italy,235763.0,34114.0
2020-06-12,Italy,236142.0,34167.0
2020-06-13,Italy,236305.0,34223.0
2020-06-14,Italy,236651.0,34301.0
2020-06-15,Italy,236989.0,34345.0
2020-06-16,Italy,237290.0,34371.0
2020-06-17,Italy,237500.0,34405.0
2020-06-18,Italy,237828.0,34448.0
2020-06-19,Italy,238159.0,34514.0
2020-06-20,Italy,238011.0,34561.0
2020-06-21,Italy,238275.0,34610.0
2020-06-22,Italy,238499.0,34634.0
2020-06-23,Italy,238720.0,34657.0
2020-06-24,Italy,238833.0,34675.0
2020-06-25,Italy,239410.0,34644.0
2020-06-26,Italy,239706.0,34678.0
2020-06-27,Italy,239961.0,34708.0
2020-06-28,Italy,240136.0,34716.0
2020-06-29,Italy,240310.0,34738.0
2020-06-30,Italy,240436.0,34744.0
2020-07-01,Italy,240578.0,34767.0
2020-07-02,Italy,240760.0,34788.0
2020-07-03,Italy,240961.0,34818.0
2020-07-04,Italy,241184.0,34833.0
2020-07-05,Italy,241419.0,34854.0
2020-07-06,Italy,241611.0,34861.0
2020-07-07,Italy,241819.0,34869.0
2020-07-08,Italy,241956.0,34899.0
2020-07-09,Italy,242149.0,34914.0
2020-07-10,Italy,242363.0,34926.0
2020-07-11,Italy,242639.0,34938.0
2020-07-12,Italy,242827.0,34945.0
2020-07-13,Italy,243061.0,34954.0
2020-07-14,Italy,243230.0,34967.0
2020-07-15,Italy,243344.0,34984.0
2020-07-16,Italy,243506.0,34997.0
2020-07-17,Italy,243736.0,35017.0
2020-07-18,Italy,243967.0,35028.0
2020-07-19,Italy,244216.0,35042.0
2020-07-20,Italy,244434.0,35045.0
2020-07-21,Italy,244624.0,35058.0
2020-07-22,Italy,244752.0,35073.0
2020-07-23,Italy,245032.0,35082.0
2020-07-24,Italy,245338.0,35092.0
2020-07-25,Italy,245590.0,35097.0
2020-07-26,Italy,245864.0,35102.0
2020-07-27,Italy,246118.0,35107.0
2020-07-28,Italy,246286.0,35112.0
2020-07-29,Italy,246488.0,35123.0
2020-07-30,Italy,246776.0,35129.0
2020-07-31,Italy,247158.0,35132.0
2020-08-01,Italy,247537.0,35141.0
2020-08-02,Italy,247832.0,35146.0
2020-08-03,Italy,248070.0,35154.0
2020-08-04,Italy,248229.0,35166.0
2020-08-05,Italy,248419.0,35171.0
2020-08-06,Italy,248803.0,35181.0
2020-08-07,Italy,249204.0,35187.0
2020-08-08,Italy,249756.0,35190.0
2020-08-09,Italy,250103.0,35203.0
2020-08-10,Italy,250566.0,35205.0
2020-08-11,Italy,250825.0,35209.0
2020-08-12,Italy,251237.0,35215.0
2020-08-13,Italy,251713.0,35225.0
2020-08-14,Italy,252235.0,35231.0
2020-08-15,Italy,252809.0,35234.0
2020-08-16,Italy,253438.0,35392.0
2020-08-17,Italy,253915.0,35396.0
2020-08-18,Italy,254235.0,35400.0
2020-08-19,Italy,254636.0,35405.0
2020-08-20,Italy,255278.0,35412.0
2020-08-21,Italy,256118.0,35418.0
2020-08-22,Italy,257065.0,35427.0
2020-08-23,Italy,258136.0,35430.0
2020-08-24,Italy,259345.0,35437.0
2020-08-25,Italy,260298.0,35441.0
2020-08-26,Italy,261174.0,35445.0
2020-08-27,Italy,262540.0,35458.0
2020-08-28,Italy,263949.0,35463.0
2020-08-29,Italy,265409.0,35472.0
2020-08-30,Italy,266853.0,35473.0
2020-08-31,Italy,268218.0,35477.0
2020-09-01,Italy,269214.0,35483.0
2020-09-02,Italy,270189.0,35491.0
2020-09-03,Italy,271515.0,35497.0
2020-09-04,Italy,272912.0,35507.0
2020-09-05,Italy,274644.0,35518.0
2020-09-06,Italy,276338.0,35534.0
2020-09-07,Italy,277634.0,35541.0
2020-09-08,Italy,278784.0,35553.0
2020-09-09,Italy,280153.0,35563.0
2020-09-10,Italy,281583.0,35577.0
2020-09-11,Italy,283180.0,35587.0
2020-09-12,Italy,284796.0,35597.0
2020-09-13,Italy,286297.0,35603.0
2020-09-14,Italy,287753.0,35610.0
2020-09-15,Italy,288761.0,35624.0
2019-12-31,Japan,0.0,0.0
2020-01-01,Japan,0.0,0.0
2020-01-02,Japan,0.0,0.0
2020-01-03,Japan,0.0,0.0
2020-01-04,Japan,0.0,0.0
2020-01-05,Japan,0.0,0.0
2020-01-06,Japan,0.0,0.0
2020-01-07,Japan,0.0,0.0
2020-01-08,Japan,0.0,0.0
2020-01-09,Japan,0.0,0.0
2020-01-10,Japan,0.0,0.0
2020-01-11,Japan,0.0,0.0
2020-01-12,Japan,0.0,0.0
2020-01-13,Japan,0.0,0.0
2020-01-14,Japan,0.0,0.0
2020-01-15,Japan,1.0,0.0
2020-01-16,Japan,1.0,0.0
2020-01-17,Japan,1.0,0.0
2020-01-18,Japan,1.0,0.0
2020-01-19,Japan,1.0,0.0
2020-01-20,Japan,1.0,0.0
2020-01-21,Japan,1.0,0.0
2020-01-22,Japan,1.0,0.0
2020-01-23,Japan,1.0,0.0
2020-01-24,Japan,2.0,0.0
2020-01-25,Japan,2.0,0.0
2020-01-26,Japan,3.0,0.0
2020-01-27,Japan,3.0,0.0
2020-01-28,Japan,4.0,0.0
2020-01-29,Japan,7.0,0.0
2020-01-30,Japan,11.0,0.0
2020-01-31,Japan,14.0,0.0
2020-02-01,Japan,15.0,0.0
2020-02-02,Japan,19.0,0.0
2020-02-03,Japan,20.0,0.0
2020-02-04,Japan,20.0,0.0
2020-02-05,Japan,25.0,0.0
2020-02-06,Japan,25.0,0.0
2020-02-07,Japan,25.0,0.0
2020-02-08,Japan,25.0,0.0
2020-02-09,Japan,25.0,0.0
2020-02-10,Japan,25.0,0.0
2020-02-11,Japan,25.0,0.0
2020-02-12,Japan,25.0,0.0
2020-02-13,Japan,29.0,1.0
2020-02-14,Japan,30.0,1.0
2020-02-15,Japan,38.0,1.0
2020-02-16,Japan,52.0,1.0
2020-02-17,Japan,59.0,1.0
2020-02-18,Japan,59.0,1.0
2020-02-19,Japan,66.0,1.0
2020-02-20,Japan,84.0,1.0
2020-02-21,Japan,93.0,1.0
2020-02-22,Japan,105.0,1.0
2020-02-23,Japan,132.0,1.0
2020-02-24,Japan,144.0,1.0
2020-02-25,Japan,144.0,1.0
2020-02-26,Japan,164.0,1.0
2020-02-27,Japan,186.0,3.0
2020-02-28,Japan,210.0,3.0
2020-02-29,Japan,230.0,3.0
2020-03-01,Japan,239.0,5.0
2020-03-02,Japan,254.0,6.0
2020-03-03,Japan,254.0,6.0
2020-03-04,Japan,268.0,6.0
2020-03-05,Japan,317.0,6.0
2020-03-06,Japan,349.0,6.0
2020-03-07,Japan,408.0,6.0
2020-03-08,Japan,455.0,6.0
2020-03-09,Japan,488.0,7.0
2020-03-10,Japan,514.0,9.0
2020-03-11,Japan,568.0,12.0
2020-03-12,Japan,619.0,15.0
2020-03-13,Japan,675.0,19.0
2020-03-14,Japan,737.0,21.0
2020-03-15,Japan,780.0,22.0
2020-03-16,Japan,814.0,24.0
2020-03-17,Japan,824.0,28.0
2020-03-18,Japan,829.0,28.0
2020-03-19,Japan,873.0,29.0
2020-03-20,Japan,950.0,33.0
2020-03-21,Japan,1007.0,35.0
2020-03-22,Japan,1046.0,36.0
2020-03-23,Japan,1089.0,41.0
2020-03-24,Japan,1128.0,42.0
2020-03-25,Japan,1193.0,43.0
2020-03-26,Japan,1268.0,45.0
2020-03-27,Japan,1364.0,46.0
2020-03-28,Japan,1499.0,49.0
2020-03-29,Japan,1693.0,52.0
2020-03-30,Japan,1866.0,54.0
2020-03-31,Japan,1953.0,56.0
2020-04-01,Japan,1953.0,56.0
2020-04-02,Japan,2178.0,57.0
2020-04-03,Japan,2617.0,63.0
2020-04-04,Japan,2935.0,69.0
2020-04-05,Japan,3271.0,70.0
2020-04-06,Japan,3654.0,73.0
2020-04-07,Japan,3906.0,80.0
2020-04-08,Japan,4257.0,81.0
2020-04-09,Japan,4768.0,85.0
2020-04-10,Japan,5347.0,88.0
2020-04-11,Japan,6005.0,94.0
2020-04-12,Japan,6748.0,98.0
2020-04-13,Japan,7255.0,102.0
2020-04-14,Japan,7645.0,109.0
2020-04-15,Japan,8100.0,119.0
2020-04-16,Japan,8582.0,136.0
2020-04-17,Japan,9167.0,148.0
2020-04-18,Japan,9795.0,154.0
2020-04-19,Japan,10361.0,161.0
2020-04-20,Japan,10751.0,171.0
2020-04-21,Japan,11118.0,186.0
2020-04-22,Japan,11496.0,186.0
2020-04-23,Japan,11772.0,287.0
2020-04-24,Japan,12240.0,317.0
2020-04-25,Japan,12892.0,334.0
2020-04-26,Japan,13182.0,348.0
2020-04-27,Japan,13385.0,351.0
2020-04-28,Japan,13576.0,376.0
2020-04-29,Japan,13852.0,389.0
2020-04-30,Japan,14088.0,415.0
2020-05-01,Japan,14281.0,432.0
2020-05-02,Japan,14544.0,458.0
2020-05-03,Japan,14839.0,492.0
2020-05-04,Japan,15057.0,510.0
2020-05-05,Japan,15231.0,521.0
2020-05-06,Japan,15354.0,543.0
2020-05-07,Japan,15463.0,551.0
2020-05-08,Japan,15547.0,557.0
2020-05-09,Japan,15628.0,601.0
2020-05-10,Japan,15747.0,613.0
2020-05-11,Japan,15798.0,621.0
2020-05-12,Japan,15874.0,643.0
2020-05-13,Japan,16024.0,668.0
2020-05-14,Japan,16079.0,687.0
2020-05-15,Japan,16193.0,710.0
2020-05-16,Japan,16237.0,725.0
2020-05-17,Japan,16285.0,744.0
2020-05-18,Japan,16305.0,749.0
2020-05-19,Japan,16365.0,763.0
2020-05-20,Japan,16385.0,771.0
2020-05-21,Japan,16424.0,777.0
2020-05-22,Japan,16513.0,796.0
2020-05-23,Japan,16536.0,808.0
2020-05-24,Japan,16550.0,820.0
2020-05-25,Japan,16581.0,830.0
2020-05-26,Japan,16623.0,846.0
2020-05-27,Japan,16651.0,858.0
2020-05-28,Japan,16651.0,858.0
2020-05-29,Japan,16719.0,874.0
2020-05-30,Japan,16804.0,886.0
2020-05-31,Japan,16851.0,891.0
2020-06-01,Japan,16884.0,892.0
2020-06-02,Japan,16930.0,894.0
2020-06-03,Japan,16986.0,900.0
2020-06-04,Japan,17018.0,903.0
2020-06-05,Japan,17064.0,907.0
2020-06-06,Japan,17103.0,914.0
2020-06-07,Japan,17141.0,916.0
2020-06-08,Japan,17174.0,916.0
2020-06-09,Japan,17210.0,916.0
2020-06-10,Japan,17251.0,919.0
2020-06-11,Japan,17292.0,920.0
2020-06-12,Japan,17332.0,922.0
2020-06-13,Japan,17382.0,924.0
2020-06-14,Japan,17429.0,925.0
2020-06-15,Japan,17502.0,925.0
2020-06-16,Japan,17587.0,927.0
2020-06-17,Japan,17628.0,931.0
2020-06-18,Japan,17668.0,935.0
2020-06-19,Japan,17740.0,935.0
2020-06-20,Japan,17799.0,952.0
2020-06-21,Japan,17799.0,952.0
2020-06-22,Japan,17916.0,953.0
2020-06-23,Japan,17968.0,955.0
2020-06-24,Japan,18027.0,963.0
2020-06-25,Japan,18110.0,968.0
2020-06-26,Japan,18197.0,969.0
2020-06-27,Japan,18297.0,971.0
2020-06-28,Japan,18390.0,971.0
2020-06-29,Japan,18476.0,972.0
2020-06-30,Japan,18593.0,972.0
2020-07-01,Japan,18723.0,974.0
2020-07-02,Japan,18874.0,975.0
2020-07-03,Japan,19068.0,976.0
2020-07-04,Japan,19282.0,977.0
2020-07-05,Japan,19522.0,977.0
2020-07-06,Japan,19775.0,977.0
2020-07-07,Japan,19981.0,978.0
2020-07-08,Japan,20174.0,980.0
2020-07-09,Japan,20371.0,981.0
2020-07-10,Japan,20719.0,982.0
2020-07-11,Japan,21129.0,982.0
2020-07-12,Japan,21502.0,982.0
2020-07-13,Japan,21868.0,982.0
2020-07-14,Japan,22220.0,982.0
2020-07-15,Japan,22508.0,984.0
2020-07-16,Japan,22890.0,985.0
2020-07-17,Japan,23473.0,985.0
2020-07-18,Japan,24132.0,985.0
2020-07-19,Japan,24642.0,985.0
2020-07-20,Japan,25096.0,985.0
2020-07-21,Japan,25736.0,988.0
2020-07-22,Japan,26303.0,989.0
2020-07-23,Japan,27029.0,990.0
2020-07-24,Japan,27956.0,992.0
2020-07-25,Japan,28786.0,993.0
2020-07-26,Japan,29382.0,996.0
2020-07-27,Japan,29989.0,996.0
2020-07-28,Japan,29989.0,996.0
2020-07-29,Japan,31333.0,1000.0
2020-07-30,Japan,32459.0,1003.0
2020-07-31,Japan,33774.0,1005.0
2020-08-01,Japan,34372.0,1006.0
2020-08-02,Japan,36081.0,1010.0
2020-08-03,Japan,38072.0,1011.0
2020-08-04,Japan,39858.0,1016.0
2020-08-05,Japan,41129.0,1022.0
2020-08-06,Japan,42263.0,1026.0
2020-08-07,Japan,43815.0,1033.0
2020-08-08,Japan,45439.0,1039.0
2020-08-09,Japan,46783.0,1040.0
2020-08-10,Japan,47990.0,1047.0
2020-08-11,Japan,48238.0,1051.0
2020-08-12,Japan,49512.0,1058.0
2020-08-13,Japan,50444.0,1062.0
2020-08-14,Japan,51513.0,1072.0
2020-08-15,Japan,53577.0,1085.0
2020-08-16,Japan,54714.0,1088.0
2020-08-17,Japan,54952.0,1098.0
2020-08-18,Japan,55958.0,1114.0
2020-08-19,Japan,57550.0,1128.0
2020-08-20,Japan,58501.0,1144.0
2020-08-21,Japan,59721.0,1155.0
2020-08-22,Japan,60733.0,1169.0
2020-08-23,Japan,61747.0,1176.0
2020-08-24,Japan,61754.0,1180.0
2020-08-25,Japan,63121.0,1196.0
2020-08-26,Japan,63822.0,1209.0
2020-08-27,Japan,64668.0,1226.0
2020-08-28,Japan,65573.0,1238.0
2020-08-29,Japan,66423.0,1255.0
2020-08-30,Japan,67264.0,1264.0
2020-08-31,Japan,67865.0,1279.0
2020-09-01,Japan,68392.0,1296.0
2020-09-02,Japan,69001.0,1307.0
2020-09-03,Japan,69599.0,1319.0
2020-09-04,Japan,70268.0,1330.0
2020-09-05,Japan,70876.0,1349.0
2020-09-06,Japan,71419.0,1357.0
2020-09-07,Japan,71856.0,1363.0
2020-09-08,Japan,72234.0,1377.0
2020-09-09,Japan,72726.0,1393.0
2020-09-10,Japan,73221.0,1406.0
2020-09-11,Japan,73901.0,1412.0
2020-09-12,Japan,74544.0,1423.0
2020-09-13,Japan,75218.0,1439.0
2020-09-14,Japan,75657.0,1442.0
2020-09-15,Japan,75958.0,1451.0
2019-12-31,United Kingdom,0.0,0.0
2020-01-01,United Kingdom,0.0,0.0
2020-01-02,United Kingdom,0.0,0.0
2020-01-03,United Kingdom,0.0,0.0
2020-01-04,United Kingdom,0.0,0.0
2020-01-05,United Kingdom,0.0,0.0
2020-01-06,United Kingdom,0.0,0.0
2020-01-07,United Kingdom,0.0,0.0
2020-01-08,United Kingdom,0.0,0.0
2020-01-09,United Kingdom,0.0,0.0
2020-01-10,United Kingdom,0.0,0.0
2020-01-11,United Kingdom,0.0,0.0
2020-01-12,United Kingdom,0.0,0.0
2020-01-13,United Kingdom,0.0,0.0
2020-01-14,United Kingdom,0.0,0.0
2020-01-15,United Kingdom,0.0,0.0
2020-01-16,United Kingdom,0.0,0.0
2020-01-17,United Kingdom,0.0,0.0
2020-01-18,United Kingdom,0.0,0.0
2020-01-19,United Kingdom,0.0,0.0
2020-01-20,United Kingdom,0.0,0.0
2020-01-21,United Kingdom,0.0,0.0
2020-01-22,United Kingdom,0.0,0.0
2020-01-23,United Kingdom,0.0,0.0
2020-01-24,United Kingdom,0.0,0.0
2020-01-25,United Kingdom,0.0,0.0
2020-01-26,United Kingdom,0.0,0.0
2020-01-27,United Kingdom,0.0,0.0
2020-01-28,United Kingdom,0.0,0.0
2020-01-29,United Kingdom,0.0,0.0
2020-01-30,United Kingdom,0.0,0.0
2020-01-31,United Kingdom,0.0,0.0
2020-02-01,United Kingdom,2.0,0.0
2020-02-02,United Kingdom,2.0,0.0
2020-02-03,United Kingdom,2.0,0.0
2020-02-04,United Kingdom,2.0,0.0
2020-02-05,United Kingdom,3.0,0.0
2020-02-06,United Kingdom,3.0,0.0
2020-02-07,United Kingdom,4.0,0.0
2020-02-08,United Kingdom,4.0,0.0
2020-02-09,United Kingdom,4.0,0.0
2020-02-10,United Kingdom,8.0,0.0
2020-02-11,United Kingdom,9.0,0.0
2020-02-12,United Kingdom,9.0,0.0
2020-02-13,United Kingdom,10.0,0.0
2020-02-14,United Kingdom,10.0,0.0
2020-02-15,United Kingdom,10.0,0.0
2020-02-16,United Kingdom,10.0,0.0
2020-02-17,United Kingdom,10.0,0.0
2020-02-18,United Kingdom,10.0,0.0
2020-02-19,United Kingdom,10.0,0.0
2020-02-20,United Kingdom,10.0,0.0
2020-02-21,United Kingdom,10.0,0.0
2020-02-22,United Kingdom,10.0,0.0
2020-02-23,United Kingdom,11.0,0.0
2020-02-24,United Kingdom,11.0,0.0
2020-02-25,United Kingdom,11.0,0.0
2020-02-26,United Kingdom,13.0,0.0
2020-02-27,United Kingdom,18.0,0.0
2020-02-28,United Kingdom,22.0,0.0
2020-02-29,United Kingdom,30.0,0.0
2020-03-01,United Kingdom,42.0,0.0
2020-03-02,United Kingdom,47.0,0.0
2020-03-03,United Kingdom,69.0,0.0
2020-03-04,United Kingdom,109.0,0.0
2020-03-05,United Kingdom,164.0,0.0
2020-03-06,United Kingdom,220.0,0.0
2020-03-07,United Kingdom,271.0,1.0
2020-03-08,United Kingdom,352.0,2.0
2020-03-09,United Kingdom,412.0,2.0
2020-03-10,United Kingdom,469.0,3.0
2020-03-11,United Kingdom,617.0,7.0
2020-03-12,United Kingdom,876.0,7.0
2020-03-13,United Kingdom,1282.0,9.0
2020-03-14,United Kingdom,1766.0,10.0
2020-03-15,United Kingdom,2244.0,29.0
2020-03-16,United Kingdom,2605.0,43.0
2020-03-17,United Kingdom,3047.0,65.0
2020-03-18,United Kingdom,3658.0,82.0
2020-03-19,United Kingdom,4427.0,116.0
2020-03-20,United Kingdom,5426.0,162.0
2020-03-21,United Kingdom,6481.0,194.0
2020-03-22,United Kingdom,7736.0,252.0
2020-03-23,United Kingdom,8934.0,288.0
2020-03-24,United Kingdom,10312.0,364.0
2020-03-25,United Kingdom,12650.0,512.0
2020-03-26,United Kingdom,15025.0,703.0
2020-03-27,United Kingdom,17717.0,884.0
2020-03-28,United Kingdom,20804.0,1172.0
2020-03-29,United Kingdom,24001.0,1464.0
2020-03-30,United Kingdom,26823.0,1676.0
2020-03-31,United Kingdom,29681.0,2050.0
2020-04-01,United Kingdom,33954.0,2453.0
2020-04-02,United Kingdom,38468.0,3125.0
2020-04-03,United Kingdom,43381.0,3782.0
2020-04-04,United Kingdom,48249.0,4518.0
2020-04-05,United Kingdom,53160.0,5274.0
2020-04-06,United Kingdom,57180.0,5873.0
2020-04-07,United Kingdom,60772.0,6440.0
2020-04-08,United Kingdom,66054.0,7545.0
2020-04-09,United Kingdom,71504.0,8575.0
2020-04-10,United Kingdom,76635.0,9691.0
2020-04-11,United Kingdom,81493.0,10813.0
2020-04-12,United Kingdom,85806.0,11656.0
2020-04-13,United Kingdom,89385.0,12313.0
2020-04-14,United Kingdom,92874.0,13037.0
2020-04-15,United Kingdom,97052.0,14113.0
2020-04-16,United Kingdom,101378.0,14993.0
2020-04-17,United Kingdom,106443.0,16029.0
2020-04-18,United Kingdom,111735.0,16942.0
2020-04-19,United Kingdom,116691.0,18047.0
2020-04-20,United Kingdom,121412.0,18479.0
2020-04-21,United Kingdom,125265.0,19049.0
2020-04-22,United Kingdom,130119.0,20273.0
2020-04-23,United Kingdom,134879.0,21120.0
2020-04-24,United Kingdom,140366.0,21802.0
2020-04-25,United Kingdom,145524.0,22812.0
2020-04-26,United Kingdom,150494.0,23627.0
2020-04-27,United Kingdom,154242.0,23991.0
2020-04-28,United Kingdom,157715.0,24311.0
2020-04-29,United Kingdom,162421.0,25280.0
2020-04-30,United Kingdom,167150.0,26049.0
2020-05-01,United Kingdom,172592.0,26683.0
2020-05-02,United Kingdom,177558.0,27381.0
2020-05-03,United Kingdom,182295.0,27965.0
2020-05-04,United Kingdom,185524.0,28218.0
2020-05-05,United Kingdom,188506.0,28490.0
2020-05-06,United Kingdom,191895.0,29216.0
2020-05-07,United Kingdom,195577.0,29863.0
2020-05-08,United Kingdom,199404.0,30321.0
2020-05-09,United Kingdom,203171.0,30900.0
2020-05-10,United Kingdom,206234.0,31175.0
2020-05-11,United Kingdom,208391.0,31392.0
2020-05-12,United Kingdom,210720.0,31579.0
2020-05-13,United Kingdom,214306.0,32193.0
2020-05-14,United Kingdom,217708.0,32640.0
2020-05-15,United Kingdom,221015.0,32992.0
2020-05-16,United Kingdom,223643.0,33342.0
2020-05-17,United Kingdom,226169.0,33753.0
2020-05-18,United Kingdom,228248.0,33820.0
2020-05-19,United Kingdom,230086.0,33966.0
2020-05-20,United Kingdom,232675.0,34466.0
2020-05-21,United Kingdom,235727.0,34794.0
2020-05-22,United Kingdom,238445.0,35067.0
2020-05-23,United Kingdom,241019.0,35358.0
2020-05-24,United Kingdom,243081.0,35578.0
2020-05-25,United Kingdom,244608.0,35957.0
2020-05-26,United Kingdom,245972.0,36061.0
2020-05-27,United Kingdom,247596.0,36192.0
2020-05-28,United Kingdom,249268.0,36614.0
2020-05-29,United Kingdom,251103.0,36957.0
2020-05-30,United Kingdom,252863.0,37231.0
2020-05-31,United Kingdom,254390.0,37385.0
2020-06-01,United Kingdom,255515.0,37445.0
2020-06-02,United Kingdom,256594.0,37531.0
2020-06-03,United Kingdom,258035.0,37780.0
2020-06-04,United Kingdom,259519.0,38034.0
2020-06-05,United Kingdom,260875.0,38164.0
2020-06-06,United Kingdom,262118.0,38422.0
2020-06-07,United Kingdom,263238.0,38565.0
2020-06-08,United Kingdom,264039.0,38619.0
2020-06-09,United Kingdom,264760.0,38666.0
2020-06-10,United Kingdom,265859.0,38861.0
2020-06-11,United Kingdom,267017.0,39025.0
2020-06-12,United Kingdom,268216.0,39101.0
2020-06-13,United Kingdom,269233.0,39232.0
2020-06-14,United Kingdom,270285.0,39339.0
2020-06-15,United Kingdom,271175.0,39366.0
2020-06-16,United Kingdom,271997.0,39395.0
2020-06-17,United Kingdom,273040.0,39515.0
2020-06-18,United Kingdom,274142.0,39625.0
2020-06-19,United Kingdom,275155.0,39692.0
2020-06-20,United Kingdom,276182.0,39776.0
2020-06-21,United Kingdom,277168.0,39847.0
2020-06-22,United Kingdom,277855.0,39878.0
2020-06-23,United Kingdom,278494.0,39892.0
2020-06-24,United Kingdom,279390.0,39986.0
2020-06-25,United Kingdom,280276.0,40073.0
2020-06-26,United Kingdom,281054.0,40172.0
2020-06-27,United Kingdom,281775.0,40249.0
2020-06-28,United Kingdom,282446.0,40289.0
2020-06-29,United Kingdom,283095.0,40320.0
2020-06-30,United Kingdom,283541.0,40341.0
2020-07-01,United Kingdom,284271.0,40394.0
2020-07-02,United Kingdom,284888.0,40491.0
2020-07-03,United Kingdom,285539.0,40532.0
2020-07-04,United Kingdom,286141.0,40581.0
2020-07-05,United Kingdom,286720.0,40613.0
2020-07-06,United Kingdom,287121.0,40632.0
2020-07-07,United Kingdom,287676.0,40643.0
2020-07-08,United Kingdom,288380.0,40697.0
2020-07-09,United Kingdom,288977.0,40754.0
2020-07-10,United Kingdom,289670.0,40785.0
2020-07-11,United Kingdom,290385.0,40819.0
2020-07-12,United Kingdom,290950.0,40836.0
2020-07-13,United Kingdom,291392.0,40845.0
2020-07-14,United Kingdom,291753.0,40855.0
2020-07-15,United Kingdom,292479.0,40899.0
2020-07-16,United Kingdom,293164.0,40925.0
2020-07-17,United Kingdom,293936.0,40949.0
2020-07-18,United Kingdom,294640.0,40975.0
2020-07-19,United Kingdom,295209.0,40984.0
2020-07-20,United Kingdom,295702.0,40995.0
2020-07-21,United Kingdom,296115.0,41005.0
2020-07-22,United Kingdom,296908.0,41030.0
2020-07-23,United Kingdom,297659.0,41047.0
2020-07-24,United Kingdom,298432.0,41056.0
2020-07-25,United Kingdom,299163.0,41088.0
2020-07-26,United Kingdom,299830.0,41103.0
2020-07-27,United Kingdom,300251.0,41111.0
2020-07-28,United Kingdom,300622.0,41114.0
2020-07-29,United Kingdom,300692.0,41135.0
2020-07-30,United Kingdom,301455.0,41169.0
2020-07-31,United Kingdom,302301.0,41169.0
2020-08-01,United Kingdom,303181.0,41189.0
2020-08-02,United Kingdom,303952.0,41202.0
2020-08-03,United Kingdom,304695.0,41207.0
2020-08-04,United Kingdom,305623.0,41208.0
2020-08-05,United Kingdom,306293.0,41226.0
2020-08-06,United Kingdom,307184.0,41240.0
2020-08-07,United Kingdom,308134.0,41258.0
2020-08-08,United Kingdom,309005.0,41270.0
2020-08-09,United Kingdom,309763.0,41273.0
2020-08-10,United Kingdom,310825.0,41278.0
2020-08-11,United Kingdom,311641.0,41296.0
2020-08-12,United Kingdom,312789.0,41309.0
2020-08-13,United Kingdom,313798.0,41329.0
2020-08-14,United Kingdom,314927.0,41347.0
2020-08-15,United Kingdom,316367.0,41358.0
2020-08-16,United Kingdom,317444.0,41361.0
2020-08-17,United Kingdom,318484.0,41366.0
2020-08-18,United Kingdom,319197.0,41369.0
2020-08-19,United Kingdom,320286.0,41381.0
2020-08-20,United Kingdom,321098.0,41397.0
2020-08-21,United Kingdom,322280.0,41403.0
2020-08-22,United Kingdom,323313.0,41405.0
2020-08-23,United Kingdom,324601.0,41423.0
2020-08-24,United Kingdom,325642.0,41429.0
2020-08-25,United Kingdom,326614.0,41433.0
2020-08-26,United Kingdom,327798.0,41449.0
2020-08-27,United Kingdom,328846.0,41465.0
2020-08-28,United Kingdom,330368.0,41477.0
2020-08-29,United Kingdom,331644.0,41486.0
2020-08-30,United Kingdom,332752.0,41498.0
2020-08-31,United Kingdom,334467.0,41499.0
2020-09-01,United Kingdom,335873.0,41501.0
2020-09-02,United Kingdom,337168.0,41504.0
2020-09-03,United Kingdom,338676.0,41514.0
2020-09-04,United Kingdom,340411.0,41527.0
2020-09-05,United Kingdom,342351.0,41537.0
2020-09-06,United Kingdom,344164.0,41549.0
2020-09-07,United Kingdom,347152.0,41551.0
2020-09-08,United Kingdom,350100.0,41554.0
2020-09-09,United Kingdom,352560.0,41586.0
2020-09-10,United Kingdom,355219.0,41594.0
2020-09-11,United Kingdom,358138.0,41608.0
2020-09-12,United Kingdom,361677.0,41614.0
2020-09-13,United Kingdom,365174.0,41623.0
2020-09-14,United Kingdom,368504.0,41628.0
2020-09-15,United Kingdom,371125.0,41637.0
2019-12-31,United States,0.0,0.0
2020-01-01,United States,0.0,0.0
2020-01-02,United States,0.0,0.0
2020-01-03,United States,0.0,0.0
2020-01-04,United States,0.0,0.0
2020-01-05,United States,0.0,0.0
2020-01-06,United States,0.0,0.0
2020-01-07,United States,0.0,0.0
2020-01-08,United States,0.0,0.0
2020-01-09,United States,0.0,0.0
2020-01-10,United States,0.0,0.0
2020-01-11,United States,0.0,0.0
2020-01-12,United States,0.0,0.0
2020-01-13,United States,0.0,0.0
2020-01-14,United States,0.0,0.0
2020-01-15,United States,0.0,0.0
2020-01-16,United States,0.0,0.0
2020-01-17,United States,0.0,0.0
2020-01-18,United States,0.0,0.0
2020-01-19,United States,0.0,0.0
2020-01-20,United States,0.0,0.0
2020-01-21,United States,1.0,0.0
2020-01-22,United States,1.0,0.0
2020-01-23,United States,1.0,0.0
2020-01-24,United States,1.0,0.0
2020-01-25,United States,2.0,0.0
2020-01-26,United States,2.0,0.0
2020-01-27,United States,5.0,0.0
2020-01-28,United States,5.0,0.0
2020-01-29,United States,5.0,0.0
2020-01-30,United States,5.0,0.0
2020-01-31,United States,6.0,0.0
2020-02-01,United States,7.0,0.0
2020-02-02,United States,8.0,0.0
2020-02-03,United States,11.0,0.0
2020-02-04,United States,11.0,0.0
2020-02-05,United States,11.0,0.0
2020-02-06,United States,12.0,0.0
2020-02-07,United States,12.0,0.0
2020-02-08,United States,12.0,0.0
2020-02-09,United States,12.0,0.0
2020-02-10,United States,12.0,0.0
2020-02-11,United States,13.0,0.0
2020-02-12,United States,13.0,0.0
2020-02-13,United States,14.0,0.0
2020-02-14,United States,15.0,0.0
2020-02-15,United States,15.0,0.0
2020-02-16,United States,15.0,0.0
2020-02-17,United States,15.0,0.0
2020-02-18,United States,15.0,0.0
2020-02-19,United States,15.0,0.0
2020-02-20,United States,15.0,0.0
2020-02-21,United States,16.0,0.0
2020-02-22,United States,35.0,0.0
2020-02-23,United States,35.0,0.0
2020-02-24,United States,35.0,0.0
2020-02-25,United States,53.0,0.0
2020-02-26,United States,53.0,0.0
2020-02-27,United States,59.0,0.0
2020-02-28,United States,60.0,0.0
2020-02-29,United States,66.0,0.0
2020-03-01,United States,69.0,1.0
2020-03-02,United States,89.0,2.0
2020-03-03,United States,103.0,6.0
2020-03-04,United States,125.0,9.0
2020-03-05,United States,159.0,11.0
2020-03-06,United States,233.0,12.0
2020-03-07,United States,338.0,14.0
2020-03-08,United States,433.0,17.0
2020-03-09,United States,554.0,21.0
2020-03-10,United States,754.0,26.0
2020-03-11,United States,1025.0,28.0
2020-03-12,United States,1312.0,30.0
2020-03-13,United States,1663.0,40.0
2020-03-14,United States,2174.0,47.0
2020-03-15,United States,2951.0,57.0
2020-03-16,United States,3774.0,69.0
2020-03-17,United States,4661.0,85.0
2020-03-18,United States,6427.0,108.0
2020-03-19,United States,9415.0,150.0
2020-03-20,United States,14250.0,150.0
2020-03-21,United States,19624.0,260.0
2020-03-22,United States,26747.0,340.0
2020-03-23,United States,35206.0,471.0
2020-03-24,United States,46442.0,590.0
2020-03-25,United States,55231.0,801.0
2020-03-26,United States,69194.0,1050.0
2020-03-27,United States,85991.0,1296.0
2020-03-28,United States,104686.0,1707.0
2020-03-29,United States,124665.0,2191.0
2020-03-30,United States,143025.0,2509.0
2020-03-31,United States,164620.0,3170.0
2020-04-01,United States,189618.0,4079.0
2020-04-02,United States,216721.0,5138.0
2020-04-03,United States,245540.0,6053.0
2020-04-04,United States,277965.0,7157.0
2020-04-05,United States,312237.0,8501.0
2020-04-06,United States,337635.0,9647.0
2020-04-07,United States,368196.0,10989.0
2020-04-08,United States,398809.0,12895.0
2020-04-09,United States,432132.0,14817.0
2020-04-10,United States,466033.0,16690.0
2020-04-11,United States,501560.0,18777.0
2020-04-12,United States,529951.0,20608.0
2020-04-13,United States,557571.0,22108.0
2020-04-14,United States,582594.0,23649.0
2020-04-15,United States,609516.0,26057.0
2020-04-16,United States,639664.0,30985.0
2020-04-17,United States,671331.0,33284.0
2020-04-18,United States,702164.0,37054.0
2020-04-19,United States,735086.0,38910.0
2020-04-20,United States,759687.0,40682.0
2020-04-21,United States,787752.0,42539.0
2020-04-22,United States,825041.0,45063.0
2020-04-23,United States,842629.0,46784.0
2020-04-24,United States,869172.0,49963.0
2020-04-25,United States,890524.0,51017.0
2020-04-26,United States,939053.0,53189.0
2020-04-27,United States,965910.0,54876.0
2020-04-28,United States,988451.0,56245.0
2020-04-29,United States,1012583.0,58355.0
2020-04-30,United States,1039909.0,60966.0
2020-05-01,United States,1069826.0,63006.0
2020-05-02,United States,1103781.0,65068.0
2020-05-03,United States,1133069.0,66385.0
2020-05-04,United States,1158041.0,67682.0
2020-05-05,United States,1180634.0,68934.0
2020-05-06,United States,1204475.0,71078.0
2020-05-07,United States,1228603.0,73431.0
2020-05-08,United States,1256972.0,75670.0
2020-05-09,United States,1283929.0,77180.0
2020-05-10,United States,1309541.0,78794.0
2020-05-11,United States,1329799.0,79528.0
2020-05-12,United States,1347916.0,80684.0
2020-05-13,United States,1369964.0,82387.0
2020-05-14,United States,1390746.0,84133.0
2020-05-15,United States,1417889.0,85906.0
2020-05-16,United States,1443397.0,87568.0
2020-05-17,United States,1467884.0,88754.0
2020-05-18,United States,1486757.0,89562.0
2020-05-19,United States,1508598.0,90353.0
2020-05-20,United States,1528568.0,91921.0
2020-05-21,United States,1551853.0,93439.0
2020-05-22,United States,1577287.0,94702.0
2020-05-23,United States,1601434.0,96007.0
2020-05-24,United States,1622670.0,97087.0
2020-05-25,United States,1643238.0,97720.0
2020-05-26,United States,1662302.0,98220.0
2020-05-27,United States,1681212.0,98916.0
2020-05-28,United States,1699933.0,100442.0
2020-05-29,United States,1721750.0,101617.0
2020-05-30,United States,1747087.0,102836.0
2020-05-31,United States,1770384.0,103781.0
2020-06-01,United States,1790191.0,104383.0
2020-06-02,United States,1811277.0,105147.0
2020-06-03,United States,1831821.0,106181.0
2020-06-04,United States,1851520.0,107175.0
2020-06-05,United States,1872660.0,108211.0
2020-06-06,United States,1897838.0,109143.0
2020-06-07,United States,1920061.0,109802.0
2020-06-08,United States,1942363.0,110514.0
2020-06-09,United States,1961185.0,111007.0
2020-06-10,United States,1979850.0,112006.0
2020-06-11,United States,2000464.0,112924.0
2020-06-12,United States,2023347.0,113820.0
2020-06-13,United States,2048986.0,114669.0
2020-06-14,United States,2074526.0,115436.0
2020-06-15,United States,2094069.0,115732.0
2020-06-16,United States,2114026.0,116127.0
2020-06-17,United States,2137731.0,116963.0
2020-06-18,United States,2163290.0,117717.0
2020-06-19,United States,2191052.0,118434.0
2020-06-20,United States,2220961.0,119112.0
2020-06-21,United States,2255119.0,119719.0
2020-06-22,United States,2280912.0,119975.0
2020-06-23,United States,2312302.0,120402.0
2020-06-24,United States,2347022.0,121228.0
2020-06-25,United States,2381361.0,121979.0
2020-06-26,United States,2422310.0,124416.0
2020-06-27,United States,2467837.0,125039.0
2020-06-28,United States,2510323.0,125539.0
2020-06-29,United States,2548996.0,125804.0
2020-06-30,United States,2590552.0,126140.0
2020-07-01,United States,2634432.0,127410.0
2020-07-02,United States,2686480.0,128062.0
2020-07-03,United States,2739879.0,128740.0
2020-07-04,United States,2794321.0,129434.0
2020-07-05,United States,2839542.0,129676.0
2020-07-06,United States,2888635.0,129947.0
2020-07-07,United States,2938625.0,130306.0
2020-07-08,United States,2996098.0,131480.0
2020-07-09,United States,3055004.0,132309.0
2020-07-10,United States,3118008.0,133291.0
2020-07-11,United States,3184633.0,134097.0
2020-07-12,United States,3247684.0,134814.0
2020-07-13,United States,3304942.0,135205.0
2020-07-14,United States,3363056.0,135605.0
2020-07-15,United States,3431574.0,136466.0
2020-07-16,United States,3499291.0,137419.0
2020-07-17,United States,3576221.0,138358.0
2020-07-18,United States,3647715.0,139266.0
2020-07-19,United States,3711464.0,140119.0
2020-07-20,United States,3773260.0,140534.0
2020-07-21,United States,3830010.0,140906.0
2020-07-22,United States,3902058.0,142066.0
2020-07-23,United States,3970906.0,143190.0
2020-07-24,United States,4034102.0,144242.0
2020-07-25,United States,4112529.0,145546.0
2020-07-26,United States,4178027.0,146460.0
2020-07-27,United States,4234020.0,146935.0
2020-07-28,United States,4290263.0,148011.0
2020-07-29,United States,4351997.0,149256.0
2020-07-30,United States,4426982.0,150713.0
2020-07-31,United States,4495014.0,152070.0
2020-08-01,United States,4562037.0,153314.0
2020-08-02,United States,4620444.0,154447.0
2020-08-03,United States,4667955.0,154860.0
2020-08-04,United States,4713562.0,155403.0
2020-08-05,United States,4771087.0,156806.0
2020-08-06,United States,4823891.0,158256.0
2020-08-07,United States,4883646.0,160104.0
2020-08-08,United States,4941796.0,161356.0
2020-08-09,United States,4998017.0,162425.0
2020-08-10,United States,5044864.0,162938.0
2020-08-11,United States,5094394.0,163461.0
2020-08-12,United States,5141207.0,164537.0
2020-08-13,United States,5197148.0,166027.0
2020-08-14,United States,5248242.0,167110.0
2020-08-15,United States,5313080.0,168446.0
2020-08-16,United States,5361165.0,169481.0
2020-08-17,United States,5403269.0,170052.0
2020-08-18,United States,5438325.0,170497.0
2020-08-19,United States,5482416.0,171821.0
2020-08-20,United States,5529842.0,173177.0
2020-08-21,United States,5573847.0,174255.0
2020-08-22,United States,5623727.0,175406.0
2020-08-23,United States,5668105.0,176362.0
2020-08-24,United States,5702611.0,176806.0
2020-08-25,United States,5740909.0,177279.0
2020-08-26,United States,5779028.0,178486.0
2020-08-27,United States,5821876.0,179714.0
2020-08-28,United States,5867785.0,180824.0
2020-08-29,United States,5917439.0,181773.0
2020-08-30,United States,5961582.0,182779.0
2020-08-31,United States,5997163.0,183069.0
2020-09-01,United States,6031013.0,183598.0
2020-09-02,United States,6075652.0,184689.0
2020-09-03,United States,6114406.0,185744.0
2020-09-04,United States,6150655.0,186797.0
2020-09-05,United States,6201726.0,187765.0
2020-09-06,United States,6245866.0,188538.0
2020-09-07,United States,6276421.0,188941.0
2020-09-08,United States,6300671.0,189208.0
2020-09-09,United States,6327793.0,189679.0
2020-09-10,United States,6359720.0,190815.0
2020-09-11,United States,6397227.0,191789.0
2020-09-12,United States,6445288.0,193016.0
2020-09-13,United States,6486108.0,193701.0
2020-09-14,United States,6519979.0,194079.0
2020-09-15,United States,6554820.0,194530.0
