"Symbol: ^XAGBRL",,,,,,"Study: VOL",
"Date Time","Open","High","Low","Close","Change","Volume","Open Interest"
2018-04-12,56.27,56.32,55.75,56.23,0,1774,
2018-04-13,56.17,57.11,56.17,57.04,0.8100000000000023,1689,
2018-04-16,57.08,57.52,56.74,56.94,-0.10000000000000142,1855,
2018-04-17,56.98,57.22,56.75,57.18,0.240000000000002,1712,
2018-04-18,57.15,58.41,57.07,58.17,0.990000000000002,1856,
2018-04-19,58.13,58.95,57.95,58.44,0.269999999999996,1889,
2018-04-20,58.38,58.72,57.78,58.46,0.020000000000003126,1857,
2018-04-23,58.47,58.47,57.13,57.36,-1.1000000000000014,1848,
2018-04-24,57.39,58.16,57.29,58.12,0.759999999999998,1747,
2018-04-25,58.1,58.13,57.52,57.72,-0.3999999999999986,1875,
2018-04-26,57.7,57.98,57.44,57.45,-0.269999999999996,1786,
2018-04-27,57.42,57.51,57.05,57.18,-0.2700000000000031,1747,
2018-04-30,57.09,57.3,56.32,57.28,0.10000000000000142,1851,
2018-05-01,57.26,57.3,56.41,56.72,-0.5600000000000023,1799,
2018-05-02,56.69,58.37,56.69,58.17,1.4500000000000028,1770,
2018-05-03,58.19,58.83,57.89,57.95,-0.21999999999999886,1792,
2018-05-04,57.98,58.29,57.83,58.28,0.3299999999999983,1669,
2018-05-07,58.28,58.61,57.97,58.48,0.19999999999999574,1750,
2018-05-08,58.53,58.92,58.32,58.8,0.3200000000000003,1837,
2018-05-09,58.73,59.65,58.31,59.26,0.46000000000000085,1800,
2018-05-10,59.33,59.79,59.2,59.36,0.10000000000000142,1751,
2018-05-11,59.36,60.22,59.24,60.04,0.6799999999999997,1864,
2018-05-14,60.05,60.54,59.52,59.83,-0.21000000000000085,1936,
2018-05-15,59.87,59.95,59.4,59.52,-0.30999999999999517,1823,
2018-05-16,59.45,60.55,59.27,60.18,0.6599999999999966,1769,
2018-05-17,60.15,61.1,60.07,60.75,0.5700000000000003,1842,
2018-05-18,60.73,61.71,60.57,61.46,0.7100000000000009,1873,
2018-05-21,61.47,61.54,60.7,60.71,-0.75,1902,
2018-05-22,60.68,61.12,60.14,60.33,-0.38000000000000256,1939,
2018-05-23,60.29,60.65,59.51,59.73,-0.6000000000000014,1868,
2018-05-24,59.7,60.92,59.56,60.79,1.0600000000000023,1804,
2018-05-25,60.72,60.98,60.34,60.35,-0.4399999999999977,1904,
2018-05-28,60.32,61.34,59.74,61.34,0.990000000000002,1478,
2018-05-29,61.49,61.7,60.9,61.16,-0.18000000000000682,1776,
2018-05-30,60.96,61.88,60.62,61.5,0.3400000000000034,1909,
2018-05-31,61.46,61.78,61.14,61.15,-0.3500000000000014,1703,
2018-06-01,61.21,61.93,61.05,61.71,0.5600000000000023,1744,
2018-06-04,61.77,62.04,61.23,61.45,-0.259999999999998,1863,
2018-06-05,61.52,62.88,61.36,62.85,1.3999999999999986,1930,
2018-06-06,62.77,64.19,62.77,64.19,1.3399999999999963,1726,
2018-06-07,64.13,66.42,64.05,65.31,1.1200000000000045,1866,
2018-06-08,65.24,65.36,62.09,62.18,-3.1300000000000026,1910,
2018-06-11,62.28,63.06,62.11,62.78,0.6000000000000014,1864,
2018-06-12,62.81,62.97,62.06,62.71,-0.07000000000000028,1887,
2018-06-13,62.66,63.44,62.5,63.37,0.6599999999999966,1648,
2018-06-14,63.4,65.54,63.05,65.41,2.039999999999999,1976,
2018-06-15,65.3,65.57,61.53,61.78,-3.6299999999999955,1980,
2018-06-18,61.68,62.13,61.54,61.73,-0.05000000000000426,1908,
2018-06-19,61.7,62,60.9,61.05,-0.6799999999999997,1910,
2018-06-20,61.05,61.66,60.46,61.43,0.38000000000000256,1830,
2018-06-21,61.41,61.96,61.12,61.45,0.020000000000003126,1685,
2018-06-22,61.5,62.34,61.43,62.23,0.779999999999994,1775,
2018-06-25,62.26,62.45,61.52,61.6,-0.6299999999999955,1870,
2018-06-26,61.62,61.9,60.98,61.9,0.29999999999999716,1747,
2018-06-27,61.88,62.49,61.44,61.98,0.0799999999999983,1817,
2018-06-28,61.96,62.28,61.36,61.79,-0.18999999999999773,1730,
2018-06-29,61.83,62.5,61.43,62.43,0.6400000000000006,1843,
2018-07-02,62.4,62.51,61.79,62.02,-0.4099999999999966,1975,
2018-07-03,61.97,62.51,61.81,62.41,0.38999999999999346,1847,
2018-07-04,62.42,62.93,62.33,62.86,0.45000000000000284,1654,
2018-07-05,62.91,63.11,62.39,63.06,0.20000000000000284,1840,
2018-07-06,63.1,63.19,61.9,61.99,-1.0700000000000003,1869,
2018-07-09,62.06,62.63,62.02,62.38,0.39000000000000057,1787,
2018-07-10,62.34,62.56,60.99,61.12,-1.2600000000000051,1924,
2018-07-11,61.28,61.36,60.71,61.24,0.12000000000000455,2000,
2018-07-12,61.24,62.2,61.06,61.9,0.6599999999999966,1856,
2018-07-13,61.84,62.04,60.8,60.92,-0.9799999999999969,2026,
2018-07-16,60.86,61.1,60.7,61,0.0799999999999983,1835,
2018-07-17,61.03,61.19,59.8,59.81,-1.1899999999999977,2020,
2018-07-18,59.76,59.9,59.15,59.82,0.00999999999999801,1765,
2018-07-19,59.87,59.95,58.69,58.69,-1.1300000000000026,1939,
2018-07-20,58.64,59.13,58.1,58.54,-0.14999999999999858,1804,
2018-07-23,58.53,58.64,58.14,58.22,-0.3200000000000003,1857,
2018-07-24,58.23,58.77,57.91,57.98,-0.240000000000002,1859,
2018-07-25,57.98,58.44,57.61,57.66,-0.3200000000000003,1755,
2018-07-26,57.56,57.77,57.23,57.67,0.010000000000005116,1811,
2018-07-27,57.67,57.9,57.45,57.57,-0.10000000000000142,1761,
2018-07-30,57.45,57.92,57.21,57.77,0.20000000000000284,1784,
2018-07-31,57.74,58.47,57.47,58.31,0.5399999999999991,1779,
2018-08-01,58.29,58.31,57.69,57.77,-0.5399999999999991,1837,
2018-08-02,57.7,58.24,57.43,57.43,-0.3400000000000034,1926,
2018-08-03,57.43,57.96,57.11,57.12,-0.3100000000000023,1736,
2018-08-06,57.12,57.34,56.7,57.11,-0.00999999999999801,1958,
2018-08-07,57.2,57.89,57.05,57.68,0.5700000000000003,1650,
2018-08-08,57.64,58.16,57.51,58.13,0.45000000000000284,1759,
2018-08-09,58.19,58.96,57.85,58.65,0.519999999999996,1784,
2018-08-10,58.72,59.43,58.25,59.19,0.5399999999999991,1822,
2018-08-13,59.21,59.46,58.31,58.33,-0.8599999999999994,1972,
2018-08-14,58.24,58.67,58.21,58.24,-0.0899999999999963,1812,
2018-08-15,58.21,58.27,56.19,56.36,-1.8800000000000026,1885,
2018-08-16,56.42,57.82,56.07,57.19,0.8299999999999983,1860,
2018-08-17,57.22,58.07,57.06,57.9,0.7100000000000009,1822,
2018-08-20,57.78,58.53,57.58,58.53,0.6300000000000026,1814,
2018-08-21,58.54,59.88,58.48,59.88,1.3500000000000014,1742,
2018-08-22,59.88,60.55,59.59,59.7,-0.17999999999999972,2063,
2018-08-23,59.65,60.04,58.81,59.67,-0.030000000000001137,1819,
2018-08-24,59.62,61.13,59.62,60.8,1.1299999999999955,1795,
2018-08-27,60.94,61.01,60.31,60.79,-0.00999999999999801,1974,
2018-08-28,60.75,61.53,60.6,60.83,0.03999999999999915,1895,
2018-08-29,60.84,61.17,60.64,60.64,-0.18999999999999773,1946,
2018-08-30,60.59,61.21,60.06,60.34,-0.29999999999999716,1965,
2018-08-31,60.38,61.03,58.94,58.95,-1.3900000000000006,1997,
2018-09-03,58.96,60.06,58.47,59.91,0.9599999999999937,1597,
2018-09-04,60.31,60.31,58.47,58.86,-1.0499999999999972,1879,
2018-09-05,58.9,59.21,58.42,58.8,-0.060000000000002274,1844,
2018-09-06,58.91,59.24,57.22,57.31,-1.4899999999999949,1835,
2018-09-07,57.38,57.83,57.22,57.52,0.21000000000000085,1719,
2018-09-10,57.36,58.43,57.2,57.91,0.38999999999999346,1843,
2018-09-11,57.85,58.94,57.66,58.73,0.8200000000000003,1820,
2018-09-12,58.7,59.27,58.06,59.27,0.5400000000000063,1671,
2018-09-13,59.27,59.75,58.95,59.73,0.45999999999999375,1822,
2018-09-14,59.53,60.06,58.64,58.66,-1.0700000000000003,1725,
2018-09-17,58.72,59.58,58.4,58.53,-0.12999999999999545,1707,
2018-09-18,58.63,58.88,58.25,58.88,0.3500000000000014,1843,
2018-09-19,58.87,59.23,58.54,58.77,-0.10999999999999943,1778,
2018-09-20,58.91,59.26,58.1,58.38,-0.39000000000000057,1768,
2018-09-21,58.38,58.8,57.63,57.93,-0.45000000000000284,1862,
2018-09-24,57.88,58.5,57.55,58.34,0.4100000000000037,1886,
2018-09-25,58.33,59.97,58.25,58.89,0.5499999999999972,1802,
2018-09-26,58.88,59.12,57.7,57.73,-1.1600000000000037,1787,
2018-09-27,57.92,58.28,56.66,57.08,-0.6499999999999986,1871,
2018-09-28,57.18,59.38,57.18,59.37,2.289999999999999,1822,
2018-10-01,59.38,59.53,57.89,58.27,-1.0999999999999943,2050,
2018-10-02,58.24,59.05,57.33,57.83,-0.44000000000000483,1831,
2018-10-03,57.89,58.37,56.43,57.08,-0.75,1963,
2018-10-04,57.15,57.77,56.6,56.6,-0.4799999999999969,1973,
2018-10-05,56.51,57.04,56.26,56.27,-0.3299999999999983,1762,
2018-10-08,56.21,56.35,53.39,54.27,-2,1811,
2018-10-09,54.31,54.5,53.38,53.47,-0.8000000000000043,1835,
2018-10-10,53.43,53.85,53.27,53.73,0.259999999999998,1681,
2018-10-11,53.69,55.16,53.61,55.16,1.4299999999999997,1614,
2018-10-12,55.23,55.57,54.94,55.24,0.0800000000000054,1711,
2018-10-15,55.15,55.86,54.6,54.88,-0.35999999999999943,1785,
2018-10-16,54.92,55.22,54.44,54.57,-0.3100000000000023,1844,
2018-10-17,54.59,54.8,53.69,53.87,-0.7000000000000028,1711,
2018-10-18,53.86,54.29,53.35,54.24,0.37000000000000455,1680,
2018-10-19,54.26,54.58,54.16,54.35,0.10999999999999943,1643,
2018-10-22,54.33,54.53,53.42,53.68,-0.6700000000000017,1844,
2018-10-23,53.67,54.9,53.56,54.44,0.759999999999998,1635,
2018-10-24,54.05,54.92,54.05,54.83,0.39000000000000057,1571,
2018-10-25,54.73,55.13,53.87,54.27,-0.5599999999999952,1626,
2018-10-26,54.16,54.58,53.59,53.59,-0.6799999999999997,1451,
2018-10-29,53.6,53.79,53.02,53.77,0.17999999999999972,1631,
2018-10-30,53.76,54,53.33,53.5,-0.2700000000000031,1428,
2018-10-31,53.57,53.69,52.79,53.1,-0.3999999999999986,1694,
2018-11-01,53.04,54.54,53.03,54.53,1.4299999999999997,1597,
2018-11-02,54.57,54.97,54.18,54.51,-0.020000000000003126,1626,
2018-11-05,54.6,54.66,54.2,54.59,0.0800000000000054,1777,
2018-11-06,54.57,55.29,54.42,54.68,0.0899999999999963,1789,
2018-11-07,54.7,55.34,54.38,54.39,-0.28999999999999915,1806,
2018-11-08,54.39,54.42,53.97,54.26,-0.13000000000000256,1843,
2018-11-09,54.34,54.34,52.87,52.88,-1.3799999999999955,1919,
2018-11-12,52.87,53.08,52.63,52.75,-0.13000000000000256,1779,
2018-11-13,52.72,53.61,52.68,53.25,0.5,1652,
2018-11-14,53.25,53.6,52.85,53.5,0.25,1672,
2018-11-15,53.48,54.25,53.38,54.11,0.6099999999999994,1536,
2018-11-16,54.02,54.31,53.56,53.96,-0.14999999999999858,1639,
2018-11-19,54,54.31,53.71,54.21,0.25,1743,
2018-11-20,54.22,54.46,53.67,53.79,-0.4200000000000017,1648,
2018-11-21,53.88,55.11,53.7,55.06,1.2700000000000031,1820,
2018-11-22,55.09,55.4,54.91,55.23,0.1699999999999946,1531,
2018-11-23,55.1,55.17,54.17,54.54,-0.6899999999999977,1502,
2018-11-26,54.69,56.21,54.65,56.09,1.5500000000000043,1781,
2018-11-27,56.03,56.33,54.67,54.81,-1.2800000000000011,1781,
2018-11-28,54.85,55.22,54.59,55.15,0.3399999999999963,1743,
2018-11-29,55.14,55.37,54.99,55.12,-0.030000000000001137,1728,
2018-11-30,55.17,55.23,54.43,54.81,-0.30999999999999517,1729,
2018-12-03,55.21,55.81,54.92,55.27,0.46000000000000085,1803,
2018-12-04,55.26,56.18,55.26,55.95,0.6799999999999997,1564,
2018-12-05,55.99,56.31,55.55,56.11,0.1599999999999966,1831,
2018-12-06,56.13,56.92,55.58,56.15,0.03999999999999915,1615,
2018-12-07,56.1,57.22,56,57.15,1,1617,
2018-12-10,57.13,57.38,56.65,56.95,-0.19999999999999574,1561,
2018-12-11,56.96,57.49,56.73,56.82,-0.13000000000000256,1573,
2018-12-12,56.69,57.2,56.53,56.83,0.00999999999999801,1663,
2018-12-13,56.92,57.48,56.67,57.43,0.6000000000000014,1797,
2018-12-14,57.43,57.43,56.7,57.09,-0.3399999999999963,1876,
2018-12-17,56.97,57.41,56.9,57.22,0.12999999999999545,1714,
2018-12-18,57.14,57.44,56.98,57.29,0.07000000000000028,1672,
2018-12-19,57.3,57.58,56.82,56.89,-0.3999999999999986,1578,
2018-12-20,56.93,57.57,56.61,56.73,-0.1600000000000037,1472,
2018-12-21,56.75,57.11,56.2,57.1,0.37000000000000455,1589,
2018-12-24,57.29,57.7,57.17,57.69,0.5899999999999963,1406,
2018-12-26,59.13,59.52,58.75,58.96,1.2700000000000031,429,
2018-12-27,59.31,59.81,58.97,59.01,0.04999999999999716,480,
2018-12-28,59,59.72,58.92,59.71,0.7000000000000028,1654,
2018-12-31,59.63,60.16,59.53,60.11,0.3999999999999986,1618,
2019-01-02,60.11,60.17,58.71,58.8,-1.3100000000000023,1852,
2019-01-03,58.85,59.19,58.6,59.11,0.3100000000000023,1693,
2019-01-04,59.08,59.53,58.17,58.32,-0.7899999999999991,1851,
2019-01-07,58.36,58.73,58.2,58.43,0.10999999999999943,1739,
2019-01-08,58.51,58.57,57.92,58.15,-0.28000000000000114,1827,
2019-01-09,58.16,58.23,57.54,57.98,-0.1700000000000017,1837,
2019-01-10,57.96,58.07,57.63,57.78,-0.19999999999999574,1945,
2019-01-11,57.77,58.36,57.77,57.9,0.11999999999999744,1829,
2019-01-14,57.89,58.27,57.6,57.88,-0.01999999999999602,1963,
2019-01-15,57.86,58.27,57.54,57.92,0.03999999999999915,1795,
2019-01-16,57.93,58.28,57.62,58.26,0.3399999999999963,1689,
2019-01-17,58.28,58.65,58.03,58.25,-0.00999999999999801,1891,
2019-01-18,58.25,58.38,57.43,57.55,-0.7000000000000028,1944,
2019-01-21,57.57,57.65,57.14,57.43,-0.11999999999999744,1550,
2019-01-22,57.35,58.5,57.06,58.5,1.0700000000000003,1815,
2019-01-23,58.52,58.86,57.76,57.84,-0.6599999999999966,1752,
2019-01-24,57.79,58.13,57.39,57.77,-0.07000000000000028,1792,
2019-01-25,57.8,59.4,57.75,59.4,1.6299999999999955,1715,
2019-01-28,59.09,59.47,58.94,59.27,-0.12999999999999545,1832,
2019-01-29,59.19,59.77,58.93,58.94,-0.3300000000000054,1850,
2019-01-30,58.91,59.41,58.88,59.18,0.240000000000002,1781,
2019-01-31,59.28,59.3,58.46,58.55,-0.6300000000000026,1884,
2019-02-01,58.4,58.92,58.06,58.22,-0.3299999999999983,1637,
2019-02-04,58.27,58.36,57.71,58.22,0,1910,
2019-02-05,58.22,58.46,58.03,58.17,-0.04999999999999716,1731,
2019-02-06,58.2,58.67,57.86,57.98,-0.19000000000000483,2023,
2019-02-07,57.93,58.53,57.9,58.4,0.4200000000000017,1716,
2019-02-08,58.47,59.12,58.23,59.05,0.6499999999999986,1869,
2019-02-11,58.97,59.28,58.54,59.03,-0.01999999999999602,1887,
2019-02-12,59,59.45,58.23,58.31,-0.7199999999999989,1800,
2019-02-13,58.28,58.96,58.26,58.45,0.14000000000000057,1864,
2019-02-14,58.46,58.98,58.08,58.11,-0.3400000000000034,1727,
2019-02-15,58.17,58.48,57.97,58.44,0.3299999999999983,1688,
2019-02-18,58.38,59.17,58.37,59.03,0.5900000000000034,1522,
2019-02-19,59.02,59.55,58.67,59.54,0.509999999999998,1812,
2019-02-20,59.55,60.22,59.31,59.87,0.3299999999999983,1942,
2019-02-21,59.81,59.96,59.09,59.61,-0.259999999999998,1540,
2019-02-22,59.55,59.97,59.37,59.66,0.04999999999999716,1687,
2019-02-25,59.67,59.96,59.28,59.6,-0.05999999999999517,1610,
2019-02-26,59.58,59.75,59.31,59.71,0.10999999999999943,1659,
2019-02-27,59.69,59.95,58.61,58.71,-1,1546,
2019-02-28,58.72,59.24,58.34,58.58,-0.13000000000000256,1617,
2019-03-01,58.63,58.63,57.27,57.41,-1.1700000000000017,1779,
2019-03-04,57.42,57.64,56.93,56.97,-0.4399999999999977,1708,
2019-03-05,56.97,57.23,56.94,57.09,0.12000000000000455,1704,
2019-03-06,57.06,57.95,56.92,57.93,0.8399999999999963,1690,
2019-03-07,57.88,58.51,57.54,58.2,0.2700000000000031,1711,
2019-03-08,57.76,59.41,57.76,59.36,1.1599999999999966,1590,
2019-03-11,59.3,59.36,58.57,58.82,-0.5399999999999991,1689,
2019-03-12,58.79,59.23,58.57,58.88,0.060000000000002274,1578,
2019-03-13,58.84,59.26,58.84,58.98,0.09999999999999432,1620,
2019-03-14,58.92,58.97,58.03,58.45,-0.529999999999994,1857,
2019-03-15,58.37,59.35,58.33,58.34,-0.10999999999999943,1721,
2019-03-18,58.3,58.86,58.09,58.18,-0.1600000000000037,1657,
2019-03-19,58.2,58.44,58,58.25,0.07000000000000028,1662,
2019-03-20,58.27,58.49,57.9,58.43,0.17999999999999972,1661,
2019-03-21,58.33,59.14,58.33,58.76,0.3299999999999983,1605,
2019-03-22,58.64,60.33,58.59,60.26,1.5,1435,
2019-03-25,60.28,60.95,59.81,59.88,-0.37999999999999545,1590,
2019-03-26,59.84,59.93,59.36,59.77,-0.10999999999999943,1625,
2019-03-27,59.81,61.07,59.61,61.01,1.2399999999999949,1540,
2019-03-28,61.07,61.2,58.59,58.59,-2.4199999999999946,1735,
2019-03-29,58.62,59.4,58.52,59.39,0.7999999999999972,1515,
2019-04-01,59.41,59.52,58.24,58.24,-1.1499999999999986,1814,
2019-04-02,58.22,58.39,57.77,58.27,0.030000000000001137,1698,
2019-04-03,58.25,58.71,57.87,58.63,0.35999999999999943,1525,
2019-04-04,58.6,58.67,57.84,58.44,-0.19000000000000483,1666,
2019-04-05,58.35,58.65,58.21,58.51,0.07000000000000028,1640,
2019-04-08,58.55,59.21,58.55,58.73,0.21999999999999886,1810,
2019-04-09,58.65,59.06,58.62,58.65,-0.0799999999999983,1762,
2019-04-10,58.6,58.86,58.19,58.29,-0.35999999999999943,1566,
2019-04-11,58.18,58.31,57.52,57.74,-0.5499999999999972,1796,
2019-04-12,57.8,58.5,57.73,58.17,0.4299999999999997,1660,
2019-04-15,58.2,58.2,57.56,57.97,-0.20000000000000284,1653,
2019-04-16,57.44,58.57,57.44,58.5,0.5300000000000011,1628,
2019-04-17,58.59,59.06,58.39,59.06,0.5600000000000023,1614,
2019-04-18,59.03,59.21,58.7,58.93,-0.13000000000000256,1598,
2019-04-19,58.55,58.57,58.55,58.57,-0.35999999999999943,3,
2019-04-22,58.94,59.21,58.85,59.09,0.5200000000000031,1513,
2019-04-23,59.11,59.15,58.09,58.16,-0.9300000000000068,1602,
2019-04-24,58.18,59.67,58.03,59.63,1.470000000000006,1585,
2019-04-25,59.66,59.66,59.03,59.03,-0.6000000000000014,1788,
2019-04-26,59.07,59.49,59.06,59.27,0.240000000000002,1486,
2019-04-29,59.26,59.26,58.52,58.78,-0.490000000000002,1772,
2019-04-30,58.86,59.19,58.38,58.61,-0.1700000000000017,1564,
2019-05-01,58.58,58.78,57.51,57.52,-1.0899999999999963,1670,
2019-05-02,57.14,58.04,57.14,57.99,0.46999999999999886,1574,
2019-05-03,58.02,58.94,57.97,58.8,0.8099999999999952,1560,
2019-05-06,58.81,59.05,58.48,59.04,0.240000000000002,1716,
2019-05-07,59.27,59.41,58.77,59.18,0.14000000000000057,1548,
2019-05-08,59.14,59.39,58.31,58.31,-0.8699999999999974,1497,
2019-05-09,58.3,58.74,58.08,58.31,0,1510,
2019-05-10,58.27,58.69,58.11,58.51,0.19999999999999574,3220,
2019-05-13,58.48,59.05,57.97,58.97,0.46000000000000085,3167,
2019-05-14,59,59.23,58.66,58.77,-0.19999999999999574,3404,
2019-05-15,58.82,59.54,58.73,59.18,0.4099999999999966,3336,
2019-05-16,59.2,59.3,58.26,58.9,-0.28000000000000114,3352,
2019-05-17,58.89,59.28,58.56,59.08,0.17999999999999972,3286,
2019-05-20,59.07,59.62,58.89,59.28,0.20000000000000284,3271,
2019-05-21,59.26,59.34,58.33,58.37,-0.9100000000000037,3295,
2019-05-22,58.38,58.68,57.89,58.35,-0.01999999999999602,3289,
2019-05-23,58.35,59.31,58.24,58.91,0.5599999999999952,3181,
2019-05-24,58.98,59.06,58.42,58.58,-0.3299999999999983,3358,
2019-05-27,58.64,58.87,58.4,58.81,0.23000000000000398,2687,
2019-05-28,58.95,59.05,57.49,57.79,-1.0200000000000031,3297,
2019-05-29,57.8,58.12,57.28,57.32,-0.46999999999999886,3192,
2019-05-30,57.29,57.83,57.1,57.79,0.46999999999999886,3336,
2019-05-31,57.82,57.97,57.06,57.13,-0.6599999999999966,3356,
2019-06-03,57.19,57.81,57.14,57.45,0.3200000000000003,3173,
2019-06-04,57.53,57.56,56.84,57.14,-0.3100000000000023,3306,
2019-06-05,57.15,57.9,57.01,57.51,0.36999999999999744,3306,
2019-06-06,57.52,58.14,57.26,57.84,0.3300000000000054,3452,
2019-06-07,57.79,58.48,57.65,58.26,0.4199999999999946,3295,
2019-06-10,58.13,58.25,56.76,57.18,-1.0799999999999983,3497,
2019-06-11,57.16,57.27,56.66,56.87,-0.3100000000000023,3363,
2019-06-12,56.87,57.38,56.65,57.12,0.25,3384,
2019-06-13,57.18,57.57,56.68,57.48,0.35999999999999943,3444,
2019-06-14,57.69,58.41,57.37,57.97,0.490000000000002,3447,
2019-06-17,58.01,58.19,57.59,57.74,-0.22999999999999687,3434,
2019-06-18,57.75,58.14,57.44,57.94,0.19999999999999574,3359,
2019-06-19,57.93,58.34,57.6,58.22,0.28000000000000114,3313,
2019-06-20,58.22,59.55,58.08,59.2,0.980000000000004,3438,
2019-06-21,59.2,59.73,58.15,58.61,-0.5900000000000034,3477,
2019-06-24,58.72,59.21,58.41,59.07,0.46000000000000085,3531,
2019-06-25,59.11,59.57,58.74,59.17,0.10000000000000142,3474,
2019-06-26,59.12,59.16,58.47,58.77,-0.3999999999999986,2669,
2019-06-27,58.76,58.94,58.29,58.29,-0.480000000000004,2429,
2019-06-28,58.29,59,58.14,58.9,0.6099999999999994,2476,
2019-07-01,58.97,58.97,57.96,58.19,-0.7100000000000009,2468,
2019-07-02,58.18,59.09,57.79,58.96,0.7700000000000031,2432,
2019-07-03,58.89,59.41,58.45,58.56,-0.3999999999999986,2395,
2019-07-04,58.66,58.69,57.82,57.99,-0.5700000000000003,2045,
2019-07-05,58.1,58.31,57.15,57.3,-0.6900000000000048,2437,
2019-07-08,57.37,57.73,57.15,57.23,-0.07000000000000028,2483,
2019-07-09,57.24,57.68,56.88,57.43,0.20000000000000284,2462,
2019-07-10,57.44,57.97,57.09,57.2,-0.22999999999999687,2367,
2019-07-11,57.25,57.78,56.68,56.75,-0.45000000000000284,2456,
2019-07-12,56.8,57.52,56.51,56.89,0.14000000000000057,2496,
2019-07-15,56.91,57.89,56.68,57.8,0.9099999999999966,2511,
2019-07-16,57.78,59.02,57.51,58.62,0.8200000000000003,2470,
2019-07-17,58.63,60.16,58.5,60.1,1.480000000000004,2492,
2019-07-18,60.1,60.91,59.94,60.77,0.6700000000000017,2509,
2019-07-19,60.77,61.78,60.35,60.77,0,2475,
2019-07-22,60.92,61.49,60.69,61.18,0.4099999999999966,2537,
2019-07-23,61.18,62.12,60.62,61.93,0.75,2519,
2019-07-24,61.93,62.64,61.71,62.6,0.6700000000000017,2549,
2019-07-25,62.61,62.72,61.98,62.03,-0.5700000000000003,2463,
2019-07-26,62.03,62.29,61.62,61.9,-0.13000000000000256,2552,
2019-07-29,61.9,62.26,61.76,62.21,0.3100000000000023,2552,
2019-07-30,62.24,62.91,62.05,62.81,0.6000000000000014,2512,
2019-07-31,62.84,62.84,61.39,61.97,-0.8400000000000034,2384,
2019-08-01,61.97,62.91,60.83,62.73,0.759999999999998,2279,
2019-08-02,62.72,63.24,61.92,62.95,0.22000000000000597,2370,
2019-08-05,62.96,65.16,62.8,65.14,2.1899999999999977,2227,
2019-08-06,65.15,65.61,64.74,65.17,0.030000000000001137,2293,
2019-08-07,65.17,68.52,65.13,67.91,2.739999999999995,2119,
2019-08-08,67.9,68.18,66.37,66.37,-1.539999999999992,2403,
2019-08-09,66.37,67.16,66.37,66.93,0.5600000000000023,2334,
2019-08-12,66.95,68.1,66.34,67.98,1.0499999999999972,2421,
2019-08-13,67.99,69.73,66.65,67.29,-0.6899999999999977,2281,
2019-08-14,67.29,69.71,66.95,69.64,2.3499999999999943,2179,
2019-08-15,69.65,70.36,68.66,68.91,-0.730000000000004,2151,
2019-08-16,68.91,69.1,68.14,68.52,-0.39000000000000057,2405,
2019-08-19,68.53,68.81,67.51,68.73,0.21000000000000796,2379,
2019-08-20,68.8,69.59,68.72,69.59,0.8599999999999994,2445,
2019-08-21,69.52,69.52,68.61,68.98,-0.6099999999999994,2488,
2019-08-22,68.98,69.59,68.29,69.41,0.4299999999999926,2442,
2019-08-23,69.41,72.07,69.14,71.89,2.480000000000004,2163,
2019-08-26,71.95,73.56,71.95,73.47,1.5799999999999983,2321,
2019-08-27,73.46,76.15,73.3,75.15,1.6800000000000068,2318,
2019-08-28,75.14,76.56,74.76,76.5,1.3499999999999943,2328,
2019-08-29,76.5,77.59,75.21,76.08,-0.4200000000000017,2338,
2019-08-30,76.1,76.95,75.36,76.1,0.01999999999999602,2380,
2019-09-02,76.12,77.06,75.84,76.97,0.8700000000000045,2062,
2019-09-03,77,80.32,76.87,80.31,3.3400000000000034,2334,
2019-09-04,80.3,81.16,79.46,80.16,-0.15000000000000568,2428,
2019-09-05,80.15,80.15,76.31,76.7,-3.4599999999999937,2290,
2019-09-06,76.68,76.86,73.47,73.82,-2.8800000000000097,2280,
2019-09-09,73.81,74.22,73.2,73.79,-0.029999999999986926,2365,
2019-09-10,73.77,74.82,72.92,73.46,-0.3300000000000125,2361,
2019-09-11,73.46,74.36,73.13,73.67,0.21000000000000796,2429,
2019-09-12,73.67,74.57,73.32,73.53,-0.14000000000000057,2336,
2019-09-13,73.51,73.83,71.13,71.25,-2.280000000000001,2371,
2019-09-16,71.33,73.39,71.33,72.86,1.6099999999999994,2365,
2019-09-17,72.86,74,72.52,73.43,0.5700000000000074,2381,
2019-09-18,73.43,73.67,72.34,72.88,-0.5500000000000114,2347,
2019-09-19,72.91,74.09,72.53,74.09,1.210000000000008,2472,
2019-09-20,74.11,74.85,74.03,74.56,0.46999999999999886,2409,
2019-09-23,74.56,77.9,74.52,77.68,3.1200000000000045,2360,
2019-09-24,77.67,77.89,76.51,77.48,-0.20000000000000284,2232,
2019-09-25,77.48,77.76,74.28,74.28,-3.200000000000003,2304,
2019-09-26,74.26,74.84,73.47,74.31,0.030000000000001137,2274,
2019-09-27,74.31,74.56,72.17,72.88,-1.4300000000000068,2227,
2019-09-30,72.88,73.07,70.61,70.67,-2.2099999999999937,2310,
2019-10-01,70.67,72.14,70.32,71.71,1.039999999999992,2183,
2019-10-02,71.7,73.22,71.5,72.55,0.8400000000000034,2237,
2019-10-03,72.54,73.12,71.69,71.69,-0.8599999999999994,2254,
2019-10-04,71.69,72.08,70.61,71.15,-0.539999999999992,2385,
2019-10-07,71.17,71.7,70.65,71.58,0.4299999999999926,2435,
2019-10-08,71.58,72.71,71.18,72.62,1.0400000000000063,2298,
2019-10-09,72.62,73.39,72.42,72.87,0.25,2411,
2019-10-10,72.87,73.5,71.84,71.92,-0.9500000000000028,2317,
2019-10-11,71.93,72.93,71.43,72.04,0.12000000000000455,2227,
2019-10-14,72.04,73.08,71.73,72.86,0.8199999999999932,2482,
2019-10-15,72.86,73.07,72.09,72.76,-0.09999999999999432,2460,
2019-10-16,72.77,73.18,71.89,72.26,-0.5,2378,
2019-10-17,72.26,73.47,71.88,73.14,0.8799999999999955,2328,
2019-10-18,73.13,73.16,72.17,72.18,-0.9599999999999937,2423,
2019-10-21,72.19,73.71,72.17,72.53,0.3499999999999943,2456,
2019-10-22,72.53,72.91,71.03,71.54,-0.9899999999999949,2388,
2019-10-23,71.54,71.85,70.73,70.8,-0.7400000000000091,2459,
2019-10-24,70.81,72,70.45,71.91,1.1099999999999994,2405,
2019-10-25,71.92,73.67,71.86,72.22,0.3100000000000023,2394,
2019-10-28,72.23,72.58,70.92,71.25,-0.9699999999999989,2480,
2019-10-29,71.25,71.38,70.53,71.28,0.030000000000001137,2476,
2019-10-30,71.27,71.88,71.03,71.18,-0.09999999999999432,2397,
2019-10-31,71.2,72.82,71.11,72.77,1.5899999999999892,2345,
2019-11-01,72.76,72.89,71.68,72.28,-0.4899999999999949,2457,
2019-11-04,72.28,72.71,71.92,72.51,0.23000000000000398,2485,
2019-11-05,72.51,72.52,70.07,70.22,-2.2900000000000063,2404,
2019-11-06,70.22,72,69.37,72,1.7800000000000011,2452,
2019-11-07,72,72.09,69.61,70.2,-1.7999999999999972,2375,
2019-11-08,70.2,70.28,68.88,69.97,-0.23000000000000398,2447,
2019-11-11,69.98,70.47,69.38,70,0.030000000000001137,2473,
2019-11-12,69.99,70.15,69.44,69.91,-0.09000000000000341,2502,
2019-11-13,69.91,71.08,69.91,70.75,0.8400000000000034,2420,
2019-11-14,70.76,71.49,70.48,71.41,0.6599999999999966,2449,
2019-11-15,71.41,71.44,70.7,71.18,-0.22999999999998977,2459,
2019-11-18,71.18,71.85,70.17,71.85,0.6699999999999875,2464,
2019-11-19,71.86,72.4,71.52,71.92,0.07000000000000739,2407,
2019-11-20,71.92,72.12,71.62,71.94,0.01999999999999602,2400,
2019-11-21,71.94,72.34,71.58,71.72,-0.21999999999999886,2345,
2019-11-22,71.79,72.2,71.22,71.36,-0.35999999999999943,2445,
2019-11-25,71.34,71.48,70.74,71.41,0.04999999999999716,2498,
2019-11-26,71.4,72.95,71.17,72.3,0.8900000000000006,2445,
2019-11-27,72.3,72.56,72,72.27,-0.030000000000001137,2500,
2019-11-28,72.28,72.52,71.7,71.7,-0.5699999999999932,2068,
2019-11-29,71.65,72.11,70.83,71.89,0.18999999999999773,2164,
2019-12-02,71.9,71.98,71.2,71.41,-0.480000000000004,2393,
2019-12-03,71.4,72.35,71.27,72.23,0.8200000000000074,2359,
2019-12-04,72.23,72.68,70.49,70.9,-1.3299999999999983,2444,
2019-12-05,70.91,71.45,70.82,71,0.09999999999999432,2477,
2019-12-06,71,71.03,68.55,68.65,-2.3499999999999943,2459,
2019-12-09,68.65,69.15,68.51,68.81,0.1599999999999966,2519,
2019-12-10,68.8,69.2,68.71,69.1,0.28999999999999204,2455,
2019-12-11,69.1,69.71,68.46,69.53,0.4300000000000068,2447,
2019-12-12,69.53,70.35,68.96,69.28,-0.25,2287,
2019-12-13,69.27,69.81,69.01,69.59,0.3100000000000023,2319,
2019-12-16,69.6,70.14,69.12,69.24,-0.3500000000000085,2500,
2019-12-17,69.24,69.44,69.05,69.26,0.020000000000010232,2487,
2019-12-18,69.26,69.49,68.51,69.14,-0.12000000000000455,2457,
2019-12-19,69.14,69.49,68.7,69.44,0.29999999999999716,2490,
2019-12-20,69.44,70.55,69.35,70.55,1.1099999999999994,2500,
2019-12-23,70.55,71.37,70.5,71.2,0.6500000000000057,2561,
2019-12-24,71.25,72.58,71.03,72.56,1.3599999999999994,2200,
2019-12-26,72.56,73.52,72.4,72.59,0.030000000000001137,2477,
2019-12-27,72.59,73.23,71.86,71.87,-0.7199999999999989,2503,
2019-12-30,71.87,72.62,71.87,72.05,0.1799999999999926,2463,
2019-12-31,71.96,72.88,71.76,71.76,-0.28999999999999204,2485,
2020-01-02,71.77,72.78,71.67,72.56,0.7999999999999972,2410,
2020-01-03,72.56,73.85,72.5,73.38,0.8199999999999932,2351,
2020-01-06,73.41,74.94,73.23,73.73,0.3500000000000085,2405,
2020-01-07,73.67,74.95,73.06,74.84,1.1099999999999994,2397,
2020-01-08,74.82,76.19,73.18,73.56,-1.2800000000000011,2239,
2020-01-09,73.56,73.96,72.59,73.26,-0.29999999999999716,2414,
2020-01-10,73.26,74.15,72.87,74.14,0.8799999999999955,2460,
2020-01-13,74.13,74.59,73.49,74.51,0.37000000000000455,2487,
2020-01-14,74.51,74.51,73.24,73.56,-0.9500000000000028,2361,
2020-01-15,73.4,75.32,73.4,75.15,1.5900000000000034,2455,
2020-01-16,74.98,75.3,74.67,75.1,-0.05000000000001137,2454,
2020-01-17,75.1,75.79,74.98,75.01,-0.0899999999999892,2487,
2020-01-20,75.02,75.66,74.93,75.64,0.6299999999999955,2121,
2020-01-21,75.45,76.04,74.17,74.93,-0.7099999999999937,2401,
2020-01-22,74.93,75.22,74.45,74.6,-0.3300000000000125,2447,
2020-01-23,74.4,74.84,73.62,74.23,-0.36999999999999034,2372,
2020-01-24,74.14,75.92,74.04,75.69,1.4599999999999937,2229,
2020-01-27,75.75,77.08,75.75,76.14,0.45000000000000284,2247,
2020-01-28,76.13,76.18,73.22,73.27,-2.8700000000000045,2350,
2020-01-29,73.1,74.32,72.98,74.29,1.0200000000000102,2317,
2020-01-30,74.29,76.82,74.25,75.68,1.3900000000000006,2167,
2020-01-31,75.52,77.39,75.52,77.27,1.5899999999999892,2054,
2020-02-03,77.27,77.45,74.59,75.08,-2.1899999999999977,2277,
2020-02-04,75.09,75.49,74.41,74.85,-0.23000000000000398,2413,
2020-02-05,74.86,75.36,74.48,74.6,-0.25,2299,
2020-02-06,74.6,76.41,74.58,76.31,1.710000000000008,2429,
2020-02-07,76.17,76.73,75.93,76.46,0.14999999999999147,2400,
2020-02-10,76.47,77.12,76.43,76.85,0.39000000000000057,2469,
2020-02-11,76.68,77,76.06,76.44,-0.4099999999999966,2301,
2020-02-12,76.28,76.47,75.84,76.12,-0.3199999999999932,2342,
2020-02-13,76.07,77.17,76.07,76.74,0.6199999999999903,2344,
2020-02-14,76.6,77.05,76.11,76.26,-0.47999999999998977,2425,
2020-02-17,76.26,77,76.13,76.86,0.5999999999999943,2081,
2020-02-18,76.69,79.47,76.69,79.15,2.2900000000000063,2406,
2020-02-19,78.94,80.43,78.94,80.43,1.2800000000000011,2488,
2020-02-20,80.43,80.75,79.61,80.68,0.25,2259,
2020-02-21,80.68,81.77,80.68,81.18,0.5,2262,
2020-02-24,81.24,82.99,81.24,81.76,0.5799999999999983,1984,
2020-02-25,81.77,81.79,78.93,79.03,-2.730000000000004,1946,
2020-02-26,79.03,79.93,78.4,79.74,0.7099999999999937,1697,
2020-02-27,79.74,80.84,79.02,79.6,-0.14000000000000057,1725,
2020-02-28,79.61,79.99,74.14,74.61,-4.989999999999995,1397,
2020-03-02,74.57,76.22,74,74.89,0.28000000000000114,1502,
2020-03-03,74.88,77.81,74.88,77.7,2.8100000000000023,1667,
2020-03-04,77.55,78.99,73.48,78.89,1.1899999999999977,1855,
2020-03-05,78.9,81.07,78.7,80.32,1.4299999999999926,1898,
2020-03-06,80.32,81.51,79.2,80.28,-0.03999999999999204,1621,
2020-03-09,80.3,81.23,76.91,80.18,-0.09999999999999432,1715,
2020-03-10,80.22,81.08,78.45,78.45,-1.730000000000004,1769,
2020-03-11,78.45,80.34,78.44,80.34,1.8900000000000006,2054,
2020-03-12,80.39,81.32,74.92,75.46,-4.88000000000001,1984,
2020-03-13,75.74,75.81,69.57,71.08,-4.3799999999999955,1965,
2020-03-16,71.71,72.86,59.18,64.44,-6.640000000000001,1862,
2020-03-17,64.43,65.97,60.79,63,-1.4399999999999977,2042,
2020-03-18,63.02,64.39,60.45,61.33,-1.6700000000000017,2002,
2020-03-19,61.3,62.59,60.76,61.54,0.21000000000000085,2111,
2020-03-20,61.55,66.05,61.4,63.56,2.020000000000003,2122,
2020-03-23,63.74,68.05,62.3,68.02,4.459999999999994,2163,
2020-03-24,68.03,72.77,68.03,72.77,4.75,2088,
2020-03-25,72.8,74.77,71.65,72.72,-0.04999999999999716,2150,
2020-03-26,72.74,73.15,71.56,72.38,-0.3400000000000034,2203,
2020-03-27,72.38,73.79,72.06,73.79,1.4100000000000108,2220,
2020-03-30,73.79,74,70.9,72.94,-0.8500000000000085,2254,
2020-03-31,72.96,73.67,72.21,72.77,-0.1700000000000017,2370,
2020-04-01,72.77,73.78,72.32,73.41,0.6400000000000006,2362,
2020-04-02,73.4,76.47,73.16,76.15,2.740000000000009,2352,
2020-04-03,76.15,76.93,75.48,76.93,0.7800000000000011,2347,
2020-04-06,76.94,79.75,76.3,79.27,2.339999999999989,2292,
2020-04-07,79.29,81.21,77.81,78.6,-0.6700000000000017,2253,
2020-04-08,78.57,79.07,76.62,76.62,-1.9799999999999898,2370,
2020-04-09,76.62,78.57,76.56,78.49,1.8699999999999903,2353,
2020-04-10,78.44,78.44,76.71,76.85,-1.6400000000000006,11,
2020-04-13,76.94,80.22,76.94,79.99,3.1400000000000006,2326,
2020-04-14,80,82.03,79.97,81.43,1.440000000000012,2370,
2020-04-15,81.4,81.47,79.57,81.08,-0.3500000000000085,2394,
2020-04-16,81.08,81.54,80.3,81.35,0.269999999999996,2452,
2020-04-17,81.37,81.37,79.14,79.53,-1.8199999999999932,2338,
2020-04-20,79.52,81.51,78.95,81.32,1.789999999999992,2418,
2020-04-21,81.34,81.41,77.5,79.11,-2.2099999999999937,2299,
2020-04-22,79.1,82.41,78.34,82.41,3.299999999999997,2343,
2020-04-23,82.41,84.49,81.81,84.42,2.010000000000005,2384,
2020-04-24,84.41,87.19,83.79,85.33,0.9099999999999966,2379,
2020-04-27,85.31,86.95,84.67,86.07,0.7399999999999949,2442,
2020-04-28,86.04,86.04,82.96,83.53,-2.539999999999992,2368,
2020-04-29,83.51,83.94,81.61,81.81,-1.7199999999999989,2420,
2020-04-30,81.78,82.41,80.76,81.86,0.04999999999999716,2369,
2020-05-01,81.89,82.43,81.14,82.12,0.2600000000000051,2434,
2020-05-04,82.11,83.18,81.11,81.87,-0.25,2407,
2020-05-05,81.89,83.69,81.33,83.41,1.539999999999992,2462,
2020-05-06,83.42,85.32,83.07,84.89,1.480000000000004,2470,
2020-05-07,84.89,89.87,84.85,89.63,4.739999999999995,2397,
2020-05-08,89.63,90.56,88.66,88.66,-0.9699999999999989,2395,
2020-05-11,88.51,90.26,84.96,90.21,1.5499999999999972,2494,
2020-05-12,90.19,91.13,89.3,90.87,0.6600000000000108,2461,
2020-05-13,90.87,92.21,90.75,91.82,0.9499999999999886,2477,
2020-05-14,91.81,93.65,91.04,92.28,0.46000000000000796,2477,
2020-05-15,92.27,97.4,91.83,97.25,4.969999999999999,2337,
2020-05-18,97.14,102.25,91.48,97,-0.25,2228,
2020-05-19,97,100.13,97,99.88,2.8799999999999955,2373,
2020-05-20,99.87,101.17,99.09,99.82,-0.060000000000002274,2362,
2020-05-21,99.82,99.82,94.6,95.07,-4.75,2402,
2020-05-22,95.06,96.34,93.31,95.27,0.20000000000000284,2384,
2020-05-25,95.21,95.21,93.26,93.31,-1.9599999999999937,2045,
2020-05-26,93.3,94.88,91.06,91.73,-1.5799999999999983,2384,
2020-05-27,91.73,92.08,89.43,91.09,-0.6400000000000006,2429,
2020-05-28,91.09,93.89,90.84,93.89,2.799999999999997,2423,
2020-05-29,93.89,97.12,93.6,95.29,1.4000000000000057,2382,
2020-06-01,95.4,98.64,95.4,98.16,2.8699999999999903,2403,
2020-06-02,98.17,98.48,93.2,94.01,-4.1499999999999915,2479,
2020-06-03,94,94,88.21,89.53,-4.480000000000004,2410,
2020-06-04,89.45,91.08,88.6,90.71,1.1799999999999926,2452,
2020-06-05,90.7,90.84,85.68,86.46,-4.25,2480,
2020-06-08,86.44,87.92,85.71,85.75,-0.7099999999999937,2472,
2020-06-09,85.67,87.14,84.6,85.91,0.1599999999999966,2459,
2020-06-10,85.92,90.03,85.91,89.99,4.079999999999998,2469,
2020-06-11,90.02,90.26,87.34,87.8,-2.1899999999999977,2431,
2020-06-12,87.81,89.09,86.81,88.22,0.4200000000000017,2456,
2020-06-15,88.34,93.85,86.37,89.54,1.3200000000000074,2348,
2020-06-16,89.56,91.66,88.06,91.57,2.029999999999987,2348,
2020-06-17,91.57,92.19,90.68,91.5,-0.06999999999999318,2381,
2020-06-18,91.5,93.69,91.28,93.39,1.8900000000000006,2388,
2020-06-19,93.41,95.19,93.36,93.44,0.04999999999999716,2400,
2020-06-22,93.38,95.45,92.79,93.22,-0.21999999999999886,2386,
2020-06-23,93.2,93.95,92.28,92.56,-0.6599999999999966,2416,
2020-06-24,92.49,93.62,90.82,93.5,0.9399999999999977,2412,
2020-06-25,93.59,95.49,93.33,95.39,1.8900000000000006,2398,
2020-06-26,95.39,97.53,94.89,97.42,2.030000000000001,2382,
2020-06-29,97.25,98.32,93.48,96.44,-0.980000000000004,2501,
2020-06-30,96.44,99.83,96.09,99.51,3.0700000000000074,2484,
2020-07-01,99.35,100.73,95.63,95.9,-3.6099999999999994,2414,
2020-07-02,95.76,96.44,94.32,96.34,0.4399999999999977,2492,
2020-07-03,96.39,96.66,95.95,96.16,-0.18000000000000682,2162,
2020-07-06,96.05,97.93,94.56,97.83,1.6700000000000017,2501,
2020-07-07,97.8,98.49,96.47,98.4,0.5700000000000074,2462,
2020-07-08,98.4,100.43,98.23,99.96,1.559999999999988,2439,
2020-07-09,99.96,101.56,98.84,99.64,-0.3199999999999932,2359,
2020-07-10,99.64,100.62,98.86,99.68,0.04000000000000625,2472,
2020-07-13,99.7,103.62,99.7,102.98,3.299999999999997,2332,
2020-07-14,102.85,104.21,102.02,103.11,0.12999999999999545,2367,
2020-07-15,103.03,104.72,102.23,104.46,1.3499999999999943,2431,
2020-07-16,104.58,104.58,101.78,102.15,-2.309999999999988,2379,
2020-07-17,102.18,104.33,101.08,104.23,2.0799999999999983,2444,
2020-07-20,104.22,106.39,103.69,106.13,1.8999999999999915,2432,
2020-07-21,106.12,110.6,105.85,110.16,4.030000000000001,2242,
2020-07-22,110.15,118,110.1,117.75,7.590000000000003,2000,
2020-07-23,117.83,118.65,115.08,117.68,-0.06999999999999318,2086,
2020-07-24,117.55,119.57,117.12,119.05,1.3699999999999903,2248,
2020-07-27,119.04,128.43,119.04,126.39,7.340000000000003,2110,
2020-07-28,126.42,134.11,120.01,125.73,-0.6599999999999966,1945,
2020-07-29,125.78,127.01,123.68,125.52,-0.21000000000000796,2098,
2020-07-30,125.35,126.04,119.73,121.07,-4.450000000000003,2179,
2020-07-31,121.1,127.12,120.31,127.01,5.940000000000012,2162,
2020-08-03,127.19,129.9,126.41,129.4,2.3900000000000006,2231,
2020-08-04,129.21,137.4,128.74,137.32,7.9199999999999875,2285,
2020-08-05,137.06,143.33,136.06,142.72,5.400000000000006,2062,
2020-08-06,142.69,154.33,142.07,154.14,11.419999999999987,2137,
2020-08-07,154.34,158.68,149.56,153.53,-0.6099999999999852,2010,
2020-08-10,153.62,159.55,151.93,159.55,6.02000000000001,2145,
2020-08-11,159.35,159.84,133.52,133.8,-25.75,1987,
2020-08-12,133.73,142.98,127.86,138.38,4.579999999999984,1820,
2020-08-13,138.08,147.83,138.02,147.44,9.060000000000002,2028,
2020-08-14,147.51,148.27,140.61,143.42,-4.02000000000001,2025,
2020-08-17,143.49,151.39,140.95,151.37,7.950000000000017,2109,
2020-08-18,151.4,156.05,149.99,151.28,-0.09000000000000341,2141,
2020-08-19,151.56,152.72,147.13,147.74,-3.539999999999992,2053,
2020-08-20,147.89,153.61,147.89,151.42,3.6799999999999784,2057,
2020-08-21,151.24,152.61,146.9,149.87,-1.549999999999983,2177,
2020-08-24,150.14,151.19,147.66,149.13,-0.7400000000000091,2220,
2020-08-25,148.91,150.18,145.82,146.02,-3.109999999999985,2284,
2020-08-26,145.88,154.02,144.34,154.02,8,2273,
2020-08-27,154.03,154.26,149.93,150.27,-3.75,2200,
2020-08-28,150.32,153.88,148.31,148.31,-1.960000000000008,2244,
2020-08-31,148.36,155.01,148.36,154.53,6.219999999999999,2230,
2020-09-01,154.54,158.66,150.23,151.41,-3.1200000000000045,2280,
2020-09-02,151.47,152.66,145.62,146.66,-4.75,2244,
2020-09-03,146.63,147.69,140.41,140.61,-6.049999999999983,2222,
2020-09-04,140.65,143.08,139.52,142.6,1.9899999999999807,2104,
2020-09-07,142.59,143.79,141.61,142.35,-0.25,1915,
2020-09-08,142.22,143.61,140.14,142.91,0.5600000000000023,2248,
2020-09-09,142.9,143.6,141.77,143.21,0.30000000000001137,2261,
2020-09-10,143.19,144.97,142.18,142.98,-0.2300000000000182,2332,
2020-09-11,143,143.35,141.24,142.34,-0.6399999999999864,2288,
2020-09-14,142.33,144.39,142.13,143.05,0.710000000000008,2421,
2020-09-15,143.03,145.21,142.94,143.22,0.1699999999999875,2422,
2020-09-16,143.21,144.66,141.65,142.25,-0.9699999999999989,2422,
2020-09-17,142.34,142.38,139.2,141.67,-0.5800000000000125,2286,
2020-09-18,141.67,144.7,141.28,144.52,2.8500000000000227,2363,
2020-09-21,144.52,145.39,131.71,133.78,-10.740000000000009,2188,
2020-09-22,133.77,136.15,129.92,133.71,-0.06999999999999318,2061,
2020-09-23,133.66,133.73,126.18,127.45,-6.260000000000005,2017,
2020-09-24,128.01,130.03,122.24,127.7,0.25,1957,
2020-09-25,127.68,128.24,124.59,127.21,-0.4900000000000091,2092,
2020-09-28,127.25,134.02,125.81,134.01,6.799999999999997,2140,
2020-09-29,133.65,134.74,133.65,134.26,0.25,352,
Downloaded from Barchart.com as of 09-28-2020 08:52pm CDT