Series Description,AUSTRALIA,EURO,NEW ZEALAND,UNITED KINGDOM,BRAZIL ,CANADA,CHINA,"DENMARK -- SPOT EXCHANGE RATE, KRONER/US$ ","HONG KONG -- SPOT EXCHANGE RATE, HK$/US$ ",INDIA,JAPAN,"MALAYSIA -- SPOT EXCHANGE RATE, RINGGIT/US$ ","MEXICO -- SPOT EXCHANGE RATE, PESOS/US$ ","NORWAY -- SPOT EXCHANGE RATE, KRONER/US$ ","SOUTH AFRICA -- SPOT EXCHANGE RATE, RAND/$US","SINGAPORE -- SPOT EXCHANGE RATE, SINGAPORE $/US$ ","KOREA -- SPOT EXCHANGE RATE, WON/US$ ","SRI LANKA -- SPOT EXCHANGE RATE, RUPEES/US$ ","SWEDEN -- SPOT EXCHANGE RATE, KRONOR/US$ ","SWITZERLAND -- SPOT EXCHANGE RATE, FRANCS/US$ ","TAIWAN -- SPOT EXCHANGE RATE, NT$/US$ ","THAILAND -- SPOT EXCHANGE RATE, BAHT/US$ ",Venezuela Bolivar
Unit:,Currency:_Per_AUD,Currency:_Per_EUR,Currency:_Per_NZD,Currency:_Per_GBP,Currency:_Per_USD,Currency:_Per_USD,Currency:_Per_USD,Currency:_Per_USD,Currency:_Per_USD,Currency:_Per_USD,Currency:_Per_USD,Currency:_Per_USD,Currency:_Per_USD,Currency:_Per_USD,Currency:_Per_USD,Currency:_Per_USD,Currency:_Per_USD,Currency:_Per_USD,Currency:_Per_USD,Currency:_Per_USD,Currency:_Per_USD,Currency:_Per_USD,Currency:_Per_USD
Multiplier:,1,1,1,1,1,1,1,1,1,1,1,1,1,1,1,1,1,1,1,1,1,1,1
Currency:,USD,USD,USD,USD,BRL,CAD,CNY,DKK,HKD,INR,JPY,MYR,MXN,NOK,ZAR,SGD,KRW,LKR,SEK,CHF,TWD,THB,VEB
Unique Identifier: ,H10/H10/RXI$US_N.B.AL,H10/H10/RXI$US_N.B.EU,H10/H10/RXI$US_N.B.NZ,H10/H10/RXI$US_N.B.UK,H10/H10/RXI_N.B.BZ,H10/H10/RXI_N.B.CA,H10/H10/RXI_N.B.CH,H10/H10/RXI_N.B.DN,H10/H10/RXI_N.B.HK,H10/H10/RXI_N.B.IN,H10/H10/RXI_N.B.JA,H10/H10/RXI_N.B.MA,H10/H10/RXI_N.B.MX,H10/H10/RXI_N.B.NO,H10/H10/RXI_N.B.SF,H10/H10/RXI_N.B.SI,H10/H10/RXI_N.B.KO,H10/H10/RXI_N.B.SL,H10/H10/RXI_N.B.SD,H10/H10/RXI_N.B.SZ,H10/H10/RXI_N.B.TA,H10/H10/RXI_N.B.TH,H10/H10/RXI_N.B.VES
Time Period,RXI$US_N.B.AL,RXI$US_N.B.EU,RXI$US_N.B.NZ,RXI$US_N.B.UK,RXI_N.B.BZ,RXI_N.B.CA,RXI_N.B.CH,RXI_N.B.DN,RXI_N.B.HK,RXI_N.B.IN,RXI_N.B.JA,RXI_N.B.MA,RXI_N.B.MX,RXI_N.B.NO,RXI_N.B.SF,RXI_N.B.SI,RXI_N.B.KO,RXI_N.B.SL,RXI_N.B.SD,RXI_N.B.SZ,RXI_N.B.TA,RXI_N.B.TH,RXI_N.B.VES
1/1/2019,ND,ND,ND,ND,ND,ND,ND,ND,ND,ND,ND,ND,ND,ND,ND,ND,ND,ND,ND,ND,ND,ND,ND
1/2/2019,0.7,1.1357,0.6668,1.2598,3.8123,1.3591,6.8597,6.5748,7.835,70.02,109.22,4.135,19.6065,8.6976,14.41,1.3652,1119.11,182.8,8.9931,0.9884,30.78,32.26,636.5846
1/3/2019,0.7014,1.1399,0.6687,1.2633,3.7429,1.3484,6.8708,6.5505,7.8308,70.12,108.07,4.141,19.6095,8.694,14.3125,1.3637,1124.64,182.65,9.0004,0.9889,30.86,32.19,636.5846
1/4/2019,0.7108,1.141,0.6743,1.274,3.7149,1.3399,6.8663,6.5448,7.8339,69.63,108.29,4.134,19.44,8.6109,13.9625,1.3594,1116.73,182.5,8.9488,0.9859,30.8,32,636.5846
1/7/2019,0.7143,1.1468,0.6762,1.2757,3.71,1.3297,6.8501,6.5116,7.8348,69.78,108.62,4.113,19.314,8.5387,13.8775,1.3558,1117.5,182.1,8.9013,0.981,30.8,31.96,636.5846
1/8/2019,0.7134,1.1444,0.6723,1.2724,3.7204,1.3307,6.8519,6.5244,7.838,70.11,108.57,4.116,19.355,8.5505,13.94,1.3579,1122.93,182.5,8.9281,0.981,30.84,32.04,702.8086
1/9/2019,0.7172,1.1524,0.6794,1.2764,3.6832,1.3212,6.8117,6.4788,7.8369,70.42,108.38,4.113,19.231,8.4745,13.8825,1.3538,1117.7,182.3,8.8836,0.9767,30.77,31.97,702.8086
1/10/2019,0.719,1.1517,0.679,1.2768,3.6915,1.3232,6.7875,6.4814,7.8378,70.43,108.29,4.095,19.16,8.4702,13.85,1.3516,1116.1,181.9,8.8829,0.9817,30.79,31.91,793.4714
1/11/2019,0.7204,1.1479,0.6826,1.2836,3.7073,1.3256,6.7596,6.5022,7.8393,70.38,108.34,4.094,19.12,8.5245,13.8425,1.3524,1117.18,181.8,8.9305,0.9829,30.79,31.93,793.4714
1/14/2019,ND,ND,ND,ND,ND,ND,ND,ND,ND,ND,ND,ND,ND,ND,ND,ND,ND,ND,ND,ND,ND,ND,ND
1/15/2019,0.7192,1.1392,0.6812,1.2761,3.7162,1.3272,6.7595,6.5511,7.8425,71,108.72,4.103,19.0555,8.5545,13.7825,1.3564,1122.59,182.1,8.9763,0.9885,30.82,31.9,947.0963
1/16/2019,0.7184,1.1408,0.6787,1.2862,3.7284,1.3243,6.7532,6.543,7.8431,70.97,108.84,4.108,18.97,8.5305,13.6825,1.3541,1119.1,182.2,8.9846,0.9899,30.82,31.68,947.0963
1/17/2019,0.7171,1.1386,0.6747,1.294,3.7561,1.3296,6.7735,6.5565,7.8432,71.09,109.01,4.112,19.0535,8.5554,13.77,1.3564,1123.34,181.4,9.027,0.9944,30.86,31.74,999.2357
1/18/2019,0.7172,1.1362,0.6751,1.2898,3.7658,1.3262,6.7765,6.5696,7.8432,71.21,109.79,4.11,19.113,8.5509,13.8275,1.3582,1122.8,181.4,9.0187,0.9954,30.86,31.74,999.2357
1/21/2019,ND,ND,ND,ND,ND,ND,ND,ND,ND,ND,ND,ND,ND,ND,ND,ND,ND,ND,ND,ND,ND,ND,ND
1/22/2019,0.7133,1.1359,0.6729,1.2955,3.7811,1.3333,6.8072,6.5725,7.8454,71.23,109.34,4.13,19.1375,8.5961,13.935,1.3595,1129.52,182.05,9.0263,0.9972,30.89,31.78,1321.5877
1/23/2019,0.7133,1.139,0.6789,1.3074,3.7987,1.3362,6.7897,6.555,7.8454,71.21,109.44,4.135,19.087,8.5848,13.845,1.3593,1127.89,182,9.0118,0.9946,30.86,31.72,1321.5878
1/24/2019,0.7096,1.1322,0.6768,1.3027,3.7486,1.3342,6.7835,6.5937,7.8454,71.02,109.72,4.141,18.986,8.5756,13.705,1.3604,1126.33,181.5,9.0729,0.9965,30.87,31.68,1568.6187
1/25/2019,0.7172,1.1407,0.6839,1.3176,3.77,1.3259,6.7448,6.5449,7.8452,70.94,109.6,4.1225,18.9275,8.5193,13.615,1.3535,1117.58,181.5,9.0518,0.993,30.71,31.52,1568.6186
1/28/2019,0.7166,1.1438,0.6834,1.3158,3.7628,1.3269,6.7437,6.5265,7.8459,71.06,109.2,4.108,19.0405,8.5147,13.705,1.353,1118.7,181.45,9.0527,0.991,30.78,31.51,2079.179
1/29/2019,0.7149,1.1424,0.683,1.3146,3.7288,1.3264,6.7304,6.5339,7.8461,71.4,109.36,4.11,18.985,8.5008,13.5875,1.3523,1117.75,180.6,9.0726,0.995,30.8,31.47,3290.8723
1/30/2019,0.7196,1.1418,0.6837,1.3062,3.7222,1.3189,6.7115,6.5378,7.8445,71.24,109.57,4.105,19.1635,8.4725,13.58,1.3514,1117.29,179.15,9.0908,0.9988,30.77,31.33,3290.8722
1/31/2019,0.7282,1.1454,0.6923,1.3135,3.6501,1.314,6.6958,6.5183,7.8463,70.94,108.84,4.094,19.0525,8.4359,13.285,1.3455,1111.82,178.15,9.0465,0.9938,30.69,31.22,3290.8722
2/1/2019,0.726,1.1474,0.6907,1.3094,3.6552,1.3095,6.7426,6.5068,7.8468,71.41,109.55,4.094,19.1275,8.4316,13.3125,1.35,1118.31,176.4,9.0384,0.994,30.78,31.28,3290.8722
2/4/2019,0.7218,1.1438,0.6882,1.3068,3.6676,1.3127,6.7426,6.5262,7.8465,71.66,109.96,4.09,19.0405,8.47,13.3975,1.3527,1119.15,176.4,9.0968,0.9974,30.77,31.3,3289.9546
2/5/2019,0.7234,1.1406,0.6891,1.2947,3.6798,1.3132,6.7426,6.5451,7.846,71.52,109.99,4.09,19.083,8.4813,13.39,1.3521,1117.2,178,9.1098,1.0005,30.77,31.24,3288.977
2/6/2019,0.7128,1.138,0.6843,1.2956,3.7015,1.3192,6.7426,6.5591,7.8465,71.55,109.75,4.09,19.1075,8.5235,13.5125,1.3545,1119.35,177.4,9.1721,1.0009,30.78,31.23,3289.1565
2/7/2019,0.7093,1.1357,0.6757,1.2966,3.7232,1.3296,6.7426,6.5717,7.8469,71.3,109.7,4.0715,19.11,8.5805,13.665,1.3562,1124.11,177.5,9.238,1.001,30.81,31.23,3289.3759
2/8/2019,0.709,1.1326,0.6755,1.2933,3.7363,1.3277,6.7426,6.5891,7.8469,71.23,109.76,4.067,19.106,8.6335,13.6475,1.3562,1123.14,177.5,9.265,1,30.82,31.51,3289.4657
2/11/2019,0.7065,1.1277,0.6732,1.2862,3.765,1.3296,6.7907,6.6177,7.848,71.15,110.4,4.07,19.282,8.7232,13.825,1.3611,1126.05,177.55,9.3008,1.004,30.88,31.42,3289.775
2/12/2019,0.7094,1.1316,0.674,1.2887,3.7131,1.3244,6.7726,6.5945,7.8484,70.56,110.5,4.077,19.2455,8.6525,13.785,1.3567,1122.27,178.2,9.2598,1.0068,30.82,31.51,3289.4657
2/13/2019,0.7113,1.1288,0.6817,1.2865,3.7485,1.3222,6.7598,6.6099,7.8485,70.86,110.86,4.065,19.405,8.6426,13.965,1.3579,1123.32,178.3,9.2425,1.0073,30.84,31.33,3289.8647
2/14/2019,0.7091,1.1284,0.6829,1.2793,3.7462,1.3307,6.7711,6.6117,7.8472,71.18,110.68,4.074,19.3485,8.6572,14.24,1.3587,1128,178.4,9.3032,1.0064,30.86,31.32,3289.9844
2/15/2019,0.7122,1.1268,0.6856,1.2857,3.71,1.3272,6.768,6.6216,7.8477,71.36,110.54,4.083,19.336,8.6473,14.1225,1.3574,1125.59,178.5,9.2867,1.0063,30.82,31.23,3290.1341
2/18/2019,ND,ND,ND,ND,ND,ND,ND,ND,ND,ND,ND,ND,ND,ND,ND,ND,ND,ND,ND,ND,ND,ND,ND
2/19/2019,0.7146,1.1328,0.6854,1.3036,3.7145,1.3248,6.756,6.5866,7.8486,71.31,110.68,4.08,19.1855,8.5829,14.12,1.3538,1124.54,179.4,9.3256,1.0018,30.81,31.15,3289.9645
2/20/2019,ND,ND,ND,ND,ND,ND,ND,ND,ND,ND,ND,ND,ND,ND,ND,ND,ND,ND,ND,ND,ND,ND,ND
2/21/2019,0.708,1.1338,0.6805,1.306,3.7636,1.3192,6.7195,6.5816,7.8467,71.15,110.72,4.076,19.2835,8.6254,14.0125,1.3536,1125.53,179.35,9.3519,1.001,30.8,31.22,3290.3934
2/22/2019,0.7138,1.1342,0.6841,1.3067,3.7376,1.3188,6.7112,6.5796,7.8481,71.07,110.7,4.076,19.131,8.6022,13.975,1.3509,1121.07,179.3,9.351,0.9998,30.71,31.3,3290.6028
2/25/2019,0.7169,1.1345,0.6885,1.3059,3.7305,1.3183,6.6844,6.5764,7.8486,70.82,111.07,4.065,19.094,8.6093,13.8075,1.3497,1116.1,179.6,9.3218,1.0006,30.74,31.27,3291.2812
2/26/2019,0.7182,1.1374,0.6891,1.3252,3.7604,1.3175,6.698,6.5602,7.8486,71.02,110.76,4.069,19.155,8.5781,13.885,1.348,1116.88,179.7,9.3018,1.0002,30.76,31.33,3291.7201
2/27/2019,0.7134,1.137,0.6841,1.3318,3.7375,1.3145,6.6822,6.5621,7.8493,71.15,110.92,4.064,19.2095,8.5433,13.9125,1.3491,1117.74,179.7,9.2671,1.0003,30.78,31.45,3293.5754
2/28/2019,0.7099,1.1379,0.6808,1.3274,3.7493,1.3166,6.6912,6.5568,7.8496,70.83,111.38,4.065,19.265,8.5538,14.075,1.352,1124.65,179.9,9.2341,0.9974,30.83,31.57,3290.0742
3/1/2019,0.708,1.1376,0.6806,1.3222,3.7852,1.3277,6.7048,6.5591,7.8481,70.9,111.89,4.072,19.3065,8.5778,14.1975,1.3549,1126.76,179.6,9.2607,0.9987,30.84,31.8,3293.9844
3/4/2019,0.7084,1.1328,0.6806,1.3186,3.775,1.3329,6.7045,6.586,7.849,70.91,111.68,4.074,19.3,8.6555,14.2425,1.3546,1126.73,179.6,9.3444,0.9994,30.83,31.86,3292.8173
3/5/2019,0.7073,1.13,0.6787,1.3141,3.775,1.3352,6.706,6.603,7.8497,70.55,111.98,4.074,19.275,8.6739,14.1775,1.3566,1126.46,178.85,9.3244,1.0045,30.84,31.77,3292.8173
3/6/2019,0.7023,1.132,0.6775,1.3148,3.8152,1.3445,6.7099,6.5912,7.8497,70.02,111.66,4.087,19.3815,8.664,14.235,1.3574,1127.18,178.3,9.288,1.0038,30.84,31.85,3292.8173
3/7/2019,0.7032,1.1214,0.6771,1.3107,3.8836,1.342,6.7132,6.6523,7.8498,70.09,111.6,4.086,19.5795,8.7499,14.5,1.3596,1133.18,178.5,9.4392,1.0106,30.91,31.86,3290.6627
3/8/2019,0.7048,1.1243,0.6807,1.301,3.8639,1.3426,6.7201,6.635,7.8497,70,111.11,4.089,19.4835,8.7639,14.405,1.3586,1131.74,178.4,9.4369,1.0074,30.88,31.73,3290.6627
3/11/2019,0.7056,1.1226,0.6828,1.3095,3.8435,1.3418,6.7215,6.6456,7.8498,69.82,111.21,4.087,19.4275,8.6885,14.36,1.3589,1133.05,178.45,9.4168,1.011,30.91,31.7,3291.341
3/12/2019,0.7082,1.1276,0.6865,1.3101,3.809,1.338,6.707,6.6149,7.8499,69.62,111.38,4.082,19.3005,8.634,14.3225,1.3561,1127.89,178.6,9.3647,1.0078,30.91,31.66,3291.341
3/13/2019,0.7087,1.131,0.6858,1.323,3.8249,1.3318,6.7064,6.5973,7.8499,69.52,111.23,4.0865,19.335,8.5768,14.4075,1.3535,1130.47,178.8,9.3031,1.0046,30.9,31.59,3291.341
3/14/2019,0.7061,1.1304,0.6822,1.3281,3.834,1.3316,6.7209,6.6014,7.8499,69.33,111.71,4.089,19.3,8.5812,14.4875,1.3557,1135.05,178.8,9.3143,1.0044,30.92,31.78,3291.341
3/15/2019,0.7089,1.1326,0.685,1.3278,3.814,1.3337,6.7129,6.5893,7.8492,68.94,111.57,4.089,19.215,8.5377,14.3975,1.3528,1134.44,178.4,9.2399,1.0026,30.85,31.68,3289.6852
3/18/2019,0.71,1.1337,0.6856,1.3223,3.8097,1.3342,6.7121,6.5818,7.8497,68.6,111.41,4.076,19.113,8.5571,14.4325,1.3518,1131.74,178.2,9.2351,1.0004,30.78,31.69,3287.8797
3/19/2019,0.7102,1.1346,0.6866,1.3263,3.767,1.3294,6.7106,6.5763,7.8498,69.02,111.38,4.075,18.9925,8.521,14.435,1.3509,1129,178.4,9.202,1.0001,30.8,31.67,3289.4657
3/20/2019,0.7088,1.1352,0.6848,1.3191,3.7856,1.3327,6.6916,6.5736,7.8499,68.85,111.41,4.065,18.895,8.5405,14.3725,1.3502,1128.25,178.4,9.1839,0.9974,30.8,31.74,3289.4657
3/21/2019,0.711,1.1361,0.6875,1.3073,3.8176,1.3369,6.6952,6.5687,7.8473,68.72,110.86,4.06,18.855,8.4699,14.235,1.3494,1128.4,177.95,9.1783,0.9924,30.82,31.72,3290.7725
3/22/2019,0.7091,1.1282,0.6888,1.3219,3.8942,1.3406,6.7162,6.6137,7.8466,69.01,109.76,4.062,19.164,8.5816,14.485,1.3521,1136.8,177.95,9.2947,0.994,30.87,31.73,3288.9271
3/25/2019,0.7114,1.1324,0.6916,1.3203,3.864,1.3418,6.7079,6.5922,7.8466,68.88,110.09,4.067,18.995,8.5239,14.3175,1.3499,1131.88,178.05,9.2282,0.9918,30.82,31.55,3286.7725
3/26/2019,0.714,1.128,0.6912,1.3215,3.876,1.3389,6.7145,6.6183,7.849,68.98,110.5,4.07,19.1035,8.5356,14.4275,1.3512,1133.55,177.25,9.232,0.994,30.84,31.62,3286.2438
3/27/2019,0.707,1.125,0.6791,1.3192,3.9602,1.3434,6.7262,6.6359,7.8491,69.13,110.38,4.07,19.342,8.6349,14.6175,1.3564,1138.09,176.05,9.2772,0.9946,30.89,31.87,3286.2438
3/28/2019,0.7079,1.1236,0.6794,1.3088,3.9689,1.3424,6.7381,6.643,7.8499,69.23,110.54,4.076,19.3665,8.6408,14.62,1.3563,1136.65,176.1,9.2962,0.9952,30.88,31.87,3286.2438
3/29/2019,0.7104,1.1228,0.682,1.3032,3.8892,1.336,6.7112,6.6484,7.8498,69.16,110.68,4.08,19.398,8.642,14.4275,1.3544,1136.3,175.35,9.2949,0.9962,30.86,31.7,3286.2438
4/1/2019,0.7117,1.121,0.6813,1.3144,3.8699,1.3344,6.7102,6.6594,7.8495,69.18,111.29,4.079,19.214,8.59,14.1675,1.3547,1133,174.25,9.2821,0.9988,30.8,31.71,3286.2438
4/2/2019,0.7058,1.1186,0.6743,1.3035,3.8647,1.3357,6.7223,6.6731,7.8495,68.91,111.32,4.083,19.2245,8.6205,14.2525,1.3565,1137.16,174.4,9.3349,0.9986,30.84,31.78,3287.6802
4/3/2019,0.7124,1.1242,0.6793,1.3181,3.8437,1.3315,6.7098,6.6398,7.8496,68.58,111.48,4.077,19.1685,8.5516,14.1375,1.3529,1134.29,174.6,9.2636,0.997,30.8,31.73,3287.9096
4/4/2019,0.7112,1.1216,0.6756,1.3072,3.8703,1.3357,6.7167,6.6548,7.849,69.03,111.55,4.081,19.1775,8.5898,14.1275,1.3547,1136.05,174.5,9.2768,1.0002,30.81,31.79,3290.2139
4/5/2019,0.7099,1.1217,0.6725,1.301,3.8627,1.3387,6.7182,6.655,7.8497,69.11,111.71,4.087,19.0735,8.6155,14.0625,1.3553,1136.87,174.7,9.2875,1.0003,30.82,31.91,3292.159
4/8/2019,0.7124,1.1262,0.6742,1.3048,3.8569,1.3316,6.7158,6.6285,7.8451,69.56,111.47,4.095,18.9615,8.5469,14.12,1.3546,1143.25,174.55,9.2523,0.9994,30.82,31.9,3293.9844
4/9/2019,0.7129,1.1278,0.6745,1.3048,3.8531,1.332,6.7111,6.6202,7.8423,69.28,111.08,4.092,18.905,8.5392,14.05,1.3533,1140.25,174.65,9.2437,0.9999,30.83,31.75,3299.9993
4/10/2019,0.7158,1.1266,0.6756,1.31,3.8269,1.3322,6.7153,6.6261,7.8368,69.12,110.92,4.105,18.8285,8.4993,13.905,1.3521,1137.26,174.55,9.2637,1.0019,30.83,31.75,3301.0268
4/11/2019,0.7128,1.1262,0.6729,1.3068,3.8509,1.3379,6.7188,6.6284,7.8436,68.97,111.48,4.112,18.8525,8.5353,14.005,1.3555,1140.73,174.45,9.2745,1.0027,30.85,31.85,3303.5405
4/12/2019,0.7176,1.1304,0.6769,1.3086,3.8711,1.3332,6.7039,6.603,7.8427,69.21,112,4.112,18.7555,8.4956,13.935,1.353,1133,174.5,9.2636,1.0017,30.84,31.79,3306.0542
4/15/2019,0.7178,1.1304,0.6764,1.3105,3.8717,1.3372,6.7072,6.6036,7.8388,69.38,112,4.108,18.861,8.4957,14.015,1.3524,1133.6,174.5,9.2573,1.0039,30.85,31.78,3310.6626
4/16/2019,0.7174,1.1293,0.6761,1.3049,3.8972,1.335,6.7112,6.6071,7.8434,69.51,111.95,4.131,18.962,8.4791,14.055,1.3541,1136.13,174.6,9.2445,1.0066,30.85,31.82,4089.75
4/17/2019,0.7168,1.1297,0.6711,1.3036,3.9381,1.3345,6.687,6.6073,7.8442,69.43,112,4.133,18.8405,8.4793,14.005,1.353,1131.7,174.5,9.245,1.0099,30.79,31.8,4103.0766
4/18/2019,0.715,1.1241,0.6679,1.3003,3.9302,1.3372,6.7081,6.6419,7.8452,69.42,111.94,4.141,18.758,8.513,14.0375,1.3559,1136.2,173.95,9.3007,1.0154,30.83,31.83,4103.0766
4/19/2019,0.715,1.1246,0.6691,1.3003,3.9311,1.3386,6.7032,6.643,7.8445,69.37,111.92,4.13,18.7705,8.5155,14.0725,1.3553,1135.4,173.95,9.3027,1.0144,30.82,31.81,4103.0766
4/22/2019,0.7134,1.1258,0.6677,1.2983,3.9281,1.3352,6.7112,6.6317,7.8445,69.64,111.94,4.13,18.837,8.495,14.16,1.3564,1140.52,174.5,9.3024,1.0155,30.84,31.86,4103.0766
4/23/2019,0.7096,1.1213,0.6648,1.2943,3.9418,1.342,6.7249,6.6587,7.8433,69.78,111.86,4.125,18.949,8.5507,14.305,1.3575,1143.22,174.5,9.3665,1.0218,30.86,31.99,5187
4/24/2019,0.7026,1.1192,0.6606,1.2947,3.9758,1.3465,6.7207,6.671,7.8417,69.91,111.81,4.125,19.01,8.6015,14.405,1.3604,1155.65,174.7,9.3982,1.0184,30.89,32.02,5188.0274
4/25/2019,0.701,1.114,0.6616,1.2901,3.9635,1.3494,6.7418,6.7022,7.8437,70.19,111.59,4.134,19.0965,8.6631,14.4275,1.3633,1160.15,175,9.5287,1.0199,30.94,32.06,5188.8753
4/26/2019,0.7044,1.1154,0.667,1.293,3.9227,1.3459,6.7282,6.693,7.8433,69.93,111.6,4.131,18.951,8.6739,14.3225,1.3605,1158.1,175.2,9.4979,1.019,30.9,31.91,5188.9651
4/29/2019,0.7054,1.1166,0.6665,1.2924,3.9362,1.3448,6.7332,6.6867,7.8432,69.8,111.8,4.132,19.0185,8.6766,14.3075,1.3619,1160,175.6,9.5242,1.0201,30.91,31.92,5189.2544
4/30/2019,0.704,1.1201,0.667,1.303,3.9367,1.3427,6.7347,6.6651,7.8451,69.64,111.4,4.132,18.9945,8.6434,14.325,1.3613,1165.1,176,9.5041,1.02,30.91,31.89,5189.8828
5/1/2019,0.7038,1.1246,0.6652,1.3091,3.9195,1.3417,6.7319,6.6394,7.8448,69.52,111.18,4.132,18.8515,8.6371,14.365,1.3586,1161.61,176,9.4968,1.0137,30.89,31.91,5189.9327
5/2/2019,0.7002,1.1184,0.6618,1.3032,3.9644,1.3468,6.7337,6.6748,7.8438,69.4,111.39,4.1355,19.126,8.7627,14.5375,1.3626,1166.62,176.4,9.5663,1.018,30.92,32.04,5189.9327
5/3/2019,0.7018,1.1186,0.6642,1.3139,3.9366,1.3425,6.7337,6.6735,7.845,69.08,111.28,4.141,18.982,8.7056,14.37,1.3609,1165.95,177.15,9.5483,1.0178,30.87,31.92,5190.202
5/6/2019,0.6995,1.1197,0.6606,1.3093,3.9534,1.3446,6.7602,6.6678,7.8449,69.4,110.86,4.146,18.9775,8.7287,14.4825,1.3631,1169.2,177.2,9.5618,1.0179,30.92,31.88,5189.8429
5/7/2019,0.7004,1.1178,0.6593,1.3052,3.9847,1.3472,6.7755,6.6789,7.8483,69.62,110.34,4.147,19.0425,8.7509,14.44,1.3636,1172.5,176.75,9.5996,1.0215,30.95,31.91,5189.9227
5/8/2019,0.7004,1.1206,0.6587,1.3014,3.929,1.3458,6.7818,6.6621,7.8489,69.73,110.12,4.147,19.07,8.7591,14.3375,1.3617,1170.2,174.4,9.5894,1.0181,30.93,31.77,5189.803
5/9/2019,0.6976,1.1228,0.6584,1.3013,3.9646,1.349,6.8256,6.6486,7.8485,70.21,109.55,4.152,19.274,8.7785,14.39,1.3653,1183.1,175.2,9.6466,1.0133,31.01,31.82,5189.7631
5/10/2019,0.6998,1.1241,0.66,1.3036,3.9614,1.3428,6.8217,6.6414,7.8487,70.02,109.56,4.157,19.1385,8.7273,14.1825,1.3624,1176.62,175.98,9.6173,1.0109,30.95,31.55,5189.6135
5/13/2019,0.6948,1.1232,0.6572,1.2961,3.9778,1.3467,6.8765,6.6487,7.8491,70.62,109.18,4.163,19.1955,8.7556,14.35,1.3704,1186.94,176.5,9.6251,1.0064,31.16,31.62,5189.5635
5/14/2019,0.6946,1.1207,0.6577,1.2921,3.9737,1.3466,6.8737,6.6479,7.8494,70.3,109.68,4.163,19.1455,8.758,14.2275,1.3682,1186.94,176.39,9.626,1.0088,31.07,31.62,5249.3954
5/15/2019,0.693,1.1208,0.6562,1.2878,3.9845,1.3432,6.8742,6.6617,7.8495,70.22,109.58,4.173,19.061,8.7169,14.1975,1.3686,1188.74,176.1,9.6003,1.009,31.11,31.54,5242.9838
5/16/2019,0.6905,1.1178,0.655,1.2803,4.0061,1.3433,6.8832,6.6798,7.8494,70.08,109.89,4.173,19.073,8.7184,14.2125,1.3706,1190.52,175.9,9.6018,1.0101,31.11,31.63,5355.5059
5/17/2019,0.6874,1.1166,0.6522,1.2723,4.0909,1.3477,6.9182,6.6883,7.8496,70.28,109.9,4.176,19.1665,8.7836,14.4275,1.3769,1195.07,175.7,9.6408,1.0108,31.31,31.83,5388.6802
5/20/2019,0.6913,1.117,0.6537,1.2718,4.1133,1.3432,6.9111,6.6867,7.8493,69.59,109.96,4.176,19.1,8.7791,14.375,1.3761,1193.81,175.7,9.6552,1.0082,31.4,31.89,5543.0673
5/21/2019,0.6876,1.1158,0.6506,1.2747,4.0678,1.3425,6.9007,6.6929,7.8495,69.61,110.6,4.185,19.036,8.7718,14.3875,1.3775,1194.31,176.07,9.66,1.0104,31.48,31.95,5531.887
5/22/2019,0.688,1.1156,0.6497,1.2674,4.0245,1.3417,6.9054,6.6929,7.8497,69.71,110.28,4.185,18.983,8.7495,14.385,1.3789,1194.36,176.35,9.6331,1.009,31.52,31.92,5619.5436
5/23/2019,0.6896,1.1172,0.6521,1.2666,4.0329,1.3471,6.9087,6.6852,7.849,69.66,109.58,4.1929,19.017,8.7499,14.4475,1.3791,1189.31,176.35,9.624,1.004,31.52,31.92,5624.349
5/24/2019,0.6914,1.1197,0.6548,1.27,4.0251,1.3454,6.8997,6.6697,7.849,69.37,109.38,4.187,19.062,8.7079,14.4275,1.3756,1186.2,176.35,9.5539,1.0021,31.52,31.83,5627.3933
5/27/2019,ND,ND,ND,ND,ND,ND,ND,ND,ND,ND,ND,ND,ND,ND,ND,ND,ND,ND,ND,ND,ND,ND,ND
5/28/2019,0.693,1.1177,0.6549,1.2668,4.0215,1.3473,6.9078,6.6796,7.8495,69.56,109.49,4.1875,19.1735,8.6962,14.73,1.3778,1186.66,176.15,9.5673,1.0086,31.47,31.82,5755.399
5/29/2019,0.6912,1.1136,0.6511,1.2631,3.9937,1.3533,6.9138,6.6798,7.8488,69.8,109.24,4.1875,19.225,8.6982,14.73,1.3818,1186.66,176.15,9.5692,1.0066,31.58,31.82,5755.3989
5/30/2019,0.691,1.114,0.6507,1.2619,3.9658,1.3508,6.9011,6.7039,7.8477,69.81,109.67,4.1901,19.0895,8.7602,14.7,1.379,1189.14,176.25,9.5312,1.0074,31.6,31.77,5815.0758
5/31/2019,0.693,1.1149,0.6525,1.262,3.9216,1.3523,6.9027,6.6978,7.8387,69.63,108.66,4.188,19.652,8.7559,14.585,1.3753,1190.5,176.26,9.513,1.0034,31.59,31.56,5716.5669
6/3/2019,0.6955,1.1206,0.6575,1.2621,3.8918,1.3471,6.9028,6.6644,7.8359,69.15,108.39,4.1827,19.768,8.7213,14.49,1.3686,1180.97,176.4,9.4729,0.9994,31.41,31.34,5716.5669
6/4/2019,0.6987,1.1236,0.6597,1.2675,3.8593,1.3417,6.9072,6.6452,7.8419,69.28,108.3,4.1719,19.556,8.7109,14.7125,1.369,1180.58,176.35,9.4561,0.994,31.46,31.35,5873.2446
6/5/2019,0.6974,1.1242,0.6624,1.2706,3.8655,1.3409,6.9084,6.6426,7.8408,69.41,108.2,4.1719,19.551,8.7271,14.8925,1.366,1178.24,176.25,9.4394,0.9919,31.35,31.4,5889.0375
6/6/2019,0.6984,1.1294,0.6639,1.2713,3.874,1.3374,6.9082,6.6433,7.8393,69.21,108.08,4.1719,19.7198,8.7291,14.98,1.363,1179.51,176.35,9.4418,0.9886,31.32,31.4,5904.4388
6/7/2019,0.7002,1.1324,0.6664,1.274,3.8616,1.3287,6.9057,6.5931,7.8413,69.32,108.15,4.1602,19.6675,8.6273,14.985,1.3624,1181.27,176.25,9.4001,0.9877,31.42,31.25,6018.6668
6/10/2019,0.6964,1.1311,0.6615,1.2684,3.8708,1.3259,6.9298,6.6026,7.843,69.49,108.56,4.1599,19.181,8.6481,14.785,1.3658,1185.01,176.3,9.4173,0.9898,31.43,31.35,6034.084
6/11/2019,0.6956,1.1316,0.6581,1.2724,3.8593,1.3291,6.9107,6.5998,7.8369,69.42,108.52,4.1632,19.1315,8.6327,14.68,1.3639,1178.88,176.39,9.4424,0.9925,31.39,31.28,6071.534
6/12/2019,0.6942,1.131,0.658,1.2693,3.836,1.3298,6.9161,6.6025,7.825,69.35,108.42,4.1564,19.153,8.6421,14.8425,1.3648,1182.82,176.44,9.4516,0.9944,31.41,31.26,6071.5342
6/13/2019,0.691,1.1275,0.6565,1.2678,3.8456,1.333,6.9212,6.623,7.8289,69.53,108.44,4.1626,19.176,8.6785,14.8975,1.3667,1183.23,176.5,9.4878,0.9946,31.48,31.19,6144.3064
6/14/2019,0.6872,1.1217,0.6502,1.2601,3.8936,1.3382,6.9247,6.657,7.8259,69.81,108.44,4.1658,19.13,8.7165,14.795,1.3707,1184.7,176.68,9.4858,0.999,31.51,31.21,6161.5871
6/17/2019,0.686,1.1235,0.6504,1.2568,3.8858,1.3398,6.9251,6.6489,7.8322,69.83,108.56,4.1756,19.171,8.7135,14.7975,1.3703,1186.53,176.7,9.4705,0.9982,31.51,31.35,6228.7211
6/18/2019,0.6872,1.1196,0.6528,1.2547,3.8549,1.3396,6.9002,6.6688,7.8319,69.6,108.39,4.182,19.1185,8.7411,14.5025,1.3675,1185.37,176.66,9.5197,0.9994,31.35,31.21,6228.7212
6/19/2019,0.687,1.1214,0.6525,1.2625,3.8731,1.3362,6.8996,6.6587,7.8235,69.64,108.36,4.182,19.167,8.7303,14.4825,1.3655,1185.37,176.66,9.5197,0.996,31.51,31.23,6202.8126
6/20/2019,0.6917,1.1284,0.6584,1.27,3.8386,1.3208,6.851,6.6168,7.8137,69.44,107.52,4.1454,18.9905,8.5728,14.335,1.356,1159.05,176.65,9.4176,0.9821,30.99,30.86,6257.5687
6/21/2019,0.692,1.1328,0.6572,1.2703,3.8212,1.3217,6.8686,6.5905,7.8091,69.59,107.55,4.1475,19.077,8.5434,14.34,1.3565,1163.25,176.55,9.3861,0.9789,31.02,30.78,6276.2269
6/24/2019,0.6964,1.1393,0.662,1.2728,3.8265,1.3196,6.8758,6.5533,7.8085,69.32,107.36,4.1403,19.181,8.4882,14.3775,1.3537,1156.14,176.4,9.2946,0.972,31.03,30.66,6506.385
6/25/2019,0.6975,1.1386,0.6655,1.2721,3.8312,1.3164,6.8791,6.5567,7.8104,69.26,106.92,4.1424,19.2205,8.5088,14.2925,1.3526,1155.97,176.39,9.2585,0.9726,31.09,30.71,6506.3848
6/26/2019,0.699,1.139,0.6692,1.2697,3.8355,1.3109,6.8781,6.5535,7.808,69.18,107.64,4.1467,19.125,8.4798,14.22,1.3527,1156.36,176.5,9.2506,0.976,31.05,30.73,6343.2671
6/27/2019,0.6998,1.1372,0.6699,1.2674,3.8604,1.3115,6.8762,6.5636,7.8144,69.01,107.73,4.142,19.163,8.5184,14.1525,1.3534,1157.86,176.5,9.2713,0.9766,31.05,30.78,6462.9532
6/28/2019,0.7009,1.1374,0.6711,1.2704,3.829,1.3091,6.865,6.5617,7.8103,68.92,107.84,4.136,19.2089,8.5286,14.14,1.3533,1154.58,176.35,9.2869,0.9758,31.01,30.68,6550.0476
7/1/2019,0.6963,1.1307,0.6675,1.2644,3.8217,1.3124,6.8487,6.6006,7.8127,68.87,108.42,4.1334,19.076,8.5733,14.1375,1.3566,1158.5,176.2,9.3364,0.9864,30.97,30.64,6716.4553
7/2/2019,0.6992,1.1301,0.6674,1.2599,3.8613,1.3117,6.8717,6.6047,7.8001,68.87,107.98,4.1377,19.079,8.5623,14.075,1.3559,1166.31,176.25,9.3219,0.986,31.04,30.56,6721.5609
7/3/2019,0.7033,1.1275,0.6709,1.2568,3.8421,1.307,6.8806,6.6186,7.7975,68.79,107.84,4.1374,19.0435,8.539,14.0925,1.3563,1171.14,175.95,9.3155,0.9864,31.08,30.59,6668.2093
7/4/2019,ND,ND,ND,ND,ND,ND,ND,ND,ND,ND,ND,ND,ND,ND,ND,ND,ND,ND,ND,ND,ND,ND,ND
7/5/2019,0.6968,1.1216,0.6617,1.2506,3.8178,1.3108,6.8925,6.6535,7.7956,68.48,108.55,4.1341,19.032,8.6226,14.1875,1.3608,1170.26,176.05,9.4413,0.9923,31.18,30.78,6904.9297
7/8/2019,0.6968,1.1208,0.6624,1.2503,3.8045,1.3088,6.8808,6.6567,7.7989,68.55,108.72,4.1385,18.904,8.6415,14.125,1.3599,1181.31,176.1,9.4618,0.9938,31.17,30.8,7187.0562
7/9/2019,0.6927,1.121,0.6608,1.2463,3.8045,1.3123,6.8866,6.658,7.8101,68.54,108.78,4.1404,18.894,8.6416,14.135,1.3615,1180.2,175.6,9.4701,0.9928,31.17,30.8,6959.7515
7/10/2019,0.6964,1.126,0.6652,1.2507,3.7646,1.3099,6.8705,6.6285,7.8159,68.4,108.44,4.1383,19.227,8.5814,14.04,1.357,1181.58,175.3,9.4105,0.9892,31.13,30.69,7085.6069
7/11/2019,0.6982,1.1261,0.6672,1.2549,3.7577,1.3071,6.8682,6.6309,7.8211,68.4,108.29,4.1132,19.0995,8.543,13.92,1.3561,1173.35,175.3,9.3845,0.9886,31.02,30.7,7126.6221
7/12/2019,0.7007,1.1254,0.6681,1.2553,3.7429,1.3042,6.8796,6.6343,7.824,68.57,108,4.1129,19.0255,8.5472,13.985,1.3593,1178.71,175.4,9.3763,0.9845,31.07,30.93,7138.5986
7/15/2019,0.7036,1.126,0.6719,1.2523,3.749,1.3036,6.8769,6.6317,7.8265,68.52,107.89,4.1072,18.97,8.542,13.9125,1.3563,1179.04,175.6,9.3568,0.9847,31.04,30.89,7186.7166
7/16/2019,0.702,1.1212,0.6704,1.2408,3.7607,1.3043,6.8753,6.6599,7.817,68.66,108.35,4.1108,19.0855,8.5583,13.935,1.3583,1177.31,176.01,9.3801,0.989,31.04,30.91,7227.9257
7/17/2019,0.7021,1.1232,0.6744,1.2438,3.7611,1.3041,6.8731,6.6484,7.8133,68.84,108.1,4.1129,19.009,8.5659,13.95,1.3603,1181.09,175.6,9.3537,0.987,31.07,30.87,7227.7363
7/18/2019,0.7043,1.1228,0.6756,1.2494,3.7443,1.309,6.8788,6.65,7.8166,68.85,107.74,4.1129,19,8.5888,13.8775,1.3605,1178.29,175.65,9.351,0.9862,31.04,30.81,7326.41
7/19/2019,0.7042,1.122,0.6771,1.25,3.7406,1.3081,6.8812,6.6533,7.806,68.82,107.78,4.1121,19.0145,8.5696,13.91,1.3604,1173.92,175.75,9.3764,0.9823,31.04,30.83,7457.0493
7/22/2019,0.7042,1.1214,0.6775,1.2475,3.735,1.3115,6.8803,6.6566,7.8099,68.89,107.91,4.112,19.07,8.6028,13.865,1.3606,1178.17,175.75,9.4079,0.9815,31.07,30.85,7485.1459
7/23/2019,0.6999,1.1156,0.6708,1.2449,3.768,1.3138,6.8787,6.6914,7.8109,68.99,108.06,4.118,19.1318,8.684,13.88,1.3651,1178.72,176,9.4649,0.9848,31.07,30.91,7590.4562
7/24/2019,0.6978,1.1141,0.6712,1.2498,3.761,1.3134,6.8717,6.7,7.8126,68.94,108.08,4.1154,19.09,8.6413,13.8575,1.3636,1177.54,176.16,9.4284,0.9854,31.08,30.9,7590.4561
7/25/2019,0.6954,1.1156,0.6668,1.2471,3.788,1.3145,6.8714,6.6927,7.8143,69.03,108.58,4.1135,19.04,8.6676,14.0775,1.3666,1181.17,176.1,9.439,0.9899,31.08,30.92,8047.6924
7/26/2019,0.6908,1.1121,0.6632,1.2387,3.7714,1.3187,6.8785,6.7153,7.8191,68.89,108.69,4.118,19.069,8.7195,14.2675,1.3698,1184.51,176.1,9.4974,0.9933,31.08,30.87,8535.8995
7/29/2019,0.6908,1.1142,0.6632,1.2236,3.7873,1.3151,6.8927,6.7004,7.8192,68.73,108.86,4.125,19.067,8.7007,14.1975,1.37,1183.36,176.11,9.4853,0.9916,31.1,30.85,8816.3119
7/30/2019,0.6872,1.1148,0.6609,1.2148,3.7867,1.3169,6.8833,6.6986,7.8241,68.82,108.66,4.125,19.075,8.7571,14.2025,1.3711,1181.94,176.15,9.5678,0.9908,31.06,30.79,9806.3667
7/31/2019,0.6888,1.113,0.6598,1.222,3.7571,1.3143,6.8833,6.7092,7.8275,68.81,108.58,4.126,18.993,8.7808,14.1525,1.3687,1182.74,176.3,9.5929,0.9902,31.09,30.7,10704.2831
8/1/2019,0.6858,1.1062,0.6564,1.2145,3.8366,1.3202,6.8972,6.7501,7.8266,69,108.28,4.1423,19.17,8.8706,14.5175,1.372,1187,176.44,9.6492,0.9938,31.15,30.83,11236.3199
8/2/2019,0.6806,1.1112,0.6547,1.2132,3.8789,1.3217,6.9387,6.7189,7.8288,69.65,106.64,4.1551,19.3115,8.9135,14.6825,1.3754,1196.59,176.6,9.6397,0.982,31.38,30.71,11879.4422
8/5/2019,0.678,1.1197,0.6539,1.2165,3.9423,1.3196,7.0481,6.6658,7.8413,70.8,106.02,4.1777,19.5545,8.9183,14.8625,1.3819,1215.5,176.8,9.6109,0.9721,31.63,30.82,11909.8633
8/6/2019,0.677,1.1196,0.6529,1.2149,3.974,1.3252,7.0192,6.6666,7.8384,70.9,106.45,4.1897,19.6125,8.9087,14.9125,1.381,1214.83,177.35,9.588,0.9782,31.48,30.72,12011.4765
8/7/2019,0.6754,1.1236,0.6461,1.2158,3.9863,1.333,7.0592,6.6422,7.8429,71.18,105.62,4.1859,19.6825,8.965,15.0675,1.3831,1214.46,177.3,9.6311,0.9708,31.51,30.8,12528.0595
8/8/2019,0.6812,1.121,0.6482,1.2138,3.9349,1.3241,7.044,6.6588,7.8403,70.62,106.04,4.1814,19.4935,8.9215,15.025,1.3813,1208.77,176.8,9.5777,0.9751,31.34,30.75,12776.523
8/9/2019,0.6796,1.1222,0.6479,1.2085,3.9385,1.3226,7.0613,6.6503,7.8426,70.91,105.3,4.1835,19.443,8.8778,15.2525,1.384,1214.15,176.75,9.5384,0.971,31.41,30.79,12971.9326
8/12/2019,0.6756,1.1212,0.6457,1.207,3.9862,1.3232,7.0578,6.6565,7.8464,71.27,105.38,4.1835,19.5525,8.9123,15.3,1.3866,1215.7,176.75,9.5709,0.9696,31.4,30.85,13192.1268
8/13/2019,0.6798,1.1182,0.6457,1.2067,3.9531,1.3221,7.0423,6.6732,7.8462,71.41,106.6,4.195,19.421,8.8756,15.1225,1.383,1220.7,176.85,9.5513,0.9744,31.5,30.78,13579.2824
8/14/2019,0.6742,1.1144,0.6425,1.2068,4.0143,1.332,7.0224,6.6931,7.8467,71.27,105.79,4.1866,19.6323,8.9735,15.4025,1.3896,1212.44,176.85,9.6326,0.9736,31.36,30.84,13728.672
8/15/2019,0.6784,1.1106,0.6446,1.2112,4.01,1.3322,7.0327,6.7162,7.8411,71.79,106.12,4.1933,19.6335,9.0116,15.24,1.3885,1214.34,177.1,9.6393,0.9762,31.33,30.82,13886.662
8/16/2019,0.6782,1.1091,0.643,1.2152,3.9926,1.328,7.0413,6.7239,7.8426,71.15,106.34,4.178,19.557,8.9899,15.215,1.3852,1205.75,177.1,9.6643,0.98,31.3,30.91,14036.4553
8/19/2019,0.6772,1.1096,0.642,1.2138,4.0344,1.3306,7.0499,6.7206,7.8457,71.44,106.5,4.1762,19.811,8.9716,15.415,1.3861,1210.6,177.3,9.6668,0.9808,31.36,30.85,14447.3284
8/20/2019,0.6777,1.1092,0.6416,1.2153,4.0409,1.3331,7.0597,6.7211,7.8434,71.54,106.35,4.181,19.7565,9.0008,15.365,1.385,1207.93,177.9,9.7057,0.9792,31.39,30.76,14447.3281
8/21/2019,0.6792,1.1098,0.641,1.2142,4.0188,1.3275,7.0623,6.7176,7.8435,71.43,106.52,4.1758,19.6652,8.9474,15.2025,1.3829,1202,178.75,9.6202,0.9816,31.33,30.77,14606.255
8/22/2019,0.6764,1.1089,0.6379,1.225,4.0558,1.3295,7.0829,6.7233,7.8404,71.9,106.44,4.188,19.74,8.9715,15.205,1.3857,1206.96,179.4,9.6641,0.9834,31.36,30.79,15645.5677
8/23/2019,0.6749,1.1148,0.6395,1.2261,4.1114,1.3319,7.0928,6.6893,7.8438,71.49,105.3,4.19,19.8645,8.9644,15.25,1.3868,1210.5,179.81,9.6278,0.9748,31.43,30.6,15843.9931
8/26/2019,0.6782,1.1112,0.6396,1.2232,4.1528,1.3282,7.1503,6.711,7.8457,72.02,106,4.2015,19.9175,8.9888,15.2525,1.3878,1217.51,179.5,9.6712,0.9782,31.41,30.58,16035.4135
8/27/2019,0.6758,1.1094,0.6366,1.2288,4.1813,1.3274,7.1603,6.7212,7.8469,71.52,105.8,4.202,20.0055,9.0225,15.3275,1.389,1211.38,179.65,9.6623,0.9815,31.39,30.57,16474.7193
8/28/2019,0.6746,1.1084,0.6337,1.2248,4.1553,1.3299,7.1628,6.7273,7.8439,71.75,105.86,4.2125,20.012,9.0337,15.3425,1.3881,1213.75,180.2,9.719,0.9807,31.43,30.61,17607.6048
8/29/2019,0.6734,1.1059,0.6318,1.2197,4.1595,1.3299,7.1434,6.7422,7.8462,71.67,106.5,4.219,20.1185,9.091,15.2875,1.388,1216.14,180.25,9.7695,0.9853,31.34,30.61,18364.0734
8/30/2019,0.673,1.0989,0.6299,1.2166,4.1254,1.329,7.1543,6.785,7.8403,71.45,106.3,4.2047,20.0674,9.1192,15.1925,1.3879,1211.32,179.2,9.8277,0.9899,31.32,30.61,20459.774
9/2/2019,ND,ND,ND,ND,ND,ND,ND,ND,ND,ND,ND,ND,ND,ND,ND,ND,ND,ND,ND,ND,ND,ND,ND
9/3/2019,0.6758,1.0968,0.6326,1.2086,4.1726,1.3332,7.1786,6.7988,7.8425,72.2,105.88,4.2189,19.992,9.1034,15.1275,1.3906,1212.44,180.2,9.8378,0.9872,31.38,30.6,23271.8172
9/4/2019,0.6796,1.1025,0.6354,1.219,4.114,1.3248,7.144,6.7648,7.8386,72.11,106.28,4.204,19.779,9.0368,14.8025,1.3842,1207.84,180.45,9.7519,0.9817,31.3,30.56,23781.1892
9/5/2019,0.682,1.1038,0.6376,1.2337,4.0908,1.3238,7.1468,6.7584,7.8378,71.84,106.96,4.1855,19.6935,8.9955,14.8475,1.3841,1200.18,180.65,9.6796,0.9868,31.26,30.68,23616.4142
9/6/2019,0.6856,1.1042,0.6439,1.2299,4.0643,1.317,7.1131,6.7568,7.8389,71.68,106.8,4.177,19.5575,8.9668,14.7525,1.3797,1196.81,180.8,9.6179,0.9866,31.22,30.62,20907.5176
9/9/2019,0.6874,1.1056,0.6434,1.2368,4.0819,1.314,7.121,6.7456,7.8378,71.66,107.14,4.177,19.5365,8.9255,14.76,1.3788,1192.33,180.4,9.6489,0.991,31.21,30.63,20379.0349
9/10/2019,0.6868,1.1042,0.6425,1.2355,4.101,1.3141,7.1121,6.7562,7.84,71.89,107.34,4.17,19.5005,8.951,14.6625,1.379,1191.22,180.3,9.6885,0.9908,31.22,30.6,20455.0789
9/11/2019,0.6858,1.1001,0.6415,1.2329,4.0592,1.3199,7.1153,6.7819,7.8396,71.62,107.73,4.178,19.55,8.9762,14.74,1.3798,1191.51,180.27,9.6871,0.9933,31.13,30.58,21128.9399
9/12/2019,0.6871,1.1074,0.6417,1.2357,4.0606,1.3209,7.0787,6.7398,7.8262,70.91,107.97,4.1645,19.421,8.9668,14.5925,1.3741,1180.7,180.3,9.6312,0.9891,31.03,30.4,21175.4074
9/13/2019,0.6886,1.1074,0.6384,1.2462,4.061,1.3268,7.0754,6.7431,7.8237,71,108.12,4.1649,19.3555,8.9765,14.53,1.3727,1176.62,179.74,9.6095,0.9898,30.88,30.47,21391.0349
9/16/2019,0.6865,1.1006,0.6352,1.2423,4.0831,1.324,7.0659,6.7844,7.8177,71.53,107.94,4.1649,19.428,8.9607,14.6225,1.3753,1182.96,180.35,9.6649,0.9919,30.9,30.51,21501.5249
9/17/2019,0.6858,1.1063,0.635,1.2493,4.097,1.3249,7.0905,6.7489,7.822,71.47,108.12,4.18,19.417,8.9357,14.75,1.3745,1186.1,180.55,9.6711,0.9925,30.95,30.51,21501.5254
9/18/2019,0.6844,1.1061,0.6333,1.2478,4.0964,1.3283,7.0849,6.7506,7.8305,71.16,108.17,4.1845,19.348,8.9331,14.6275,1.3735,1191.51,180.65,9.6955,0.995,30.95,30.51,19839.5671
9/19/2019,0.6795,1.1046,0.6301,1.2481,4.1389,1.3258,7.0959,6.7597,7.8318,71.31,108,4.19,19.405,8.9781,14.7175,1.3787,1193.87,180.85,9.7018,0.9927,30.98,30.53,19790.0709
9/20/2019,0.677,1.1004,0.6258,1.2489,4.1698,1.3268,7.0909,6.7856,7.8382,71.05,107.95,4.1659,19.44,9.0461,14.9275,1.3763,1188.16,181.1,9.7313,0.993,30.93,30.49,19822.0563
9/23/2019,0.6772,1.0991,0.6285,1.2428,4.1771,1.3271,7.1168,6.794,7.8401,70.79,107.47,4.177,19.442,9.0552,14.865,1.3777,1195.48,181.4,9.7217,0.9894,30.98,30.46,19666.0254
9/24/2019,0.6793,1.0999,0.6315,1.2475,4.1737,1.3253,7.1138,6.7866,7.8406,70.94,107.32,4.18,19.4485,9.0005,14.915,1.3764,1196.52,181.05,9.6905,0.9872,31.01,30.54,19720.7742
9/25/2019,0.675,1.0949,0.6275,1.2363,4.1764,1.3279,7.1313,6.8181,7.8379,71,107.78,4.1901,19.56,9.0513,14.9975,1.3788,1200.17,181.44,9.7538,0.9909,31.04,30.61,19938.596
9/26/2019,0.6754,1.0938,0.6303,1.2343,4.1517,1.3271,7.13,6.8257,7.837,70.93,107.67,4.193,19.6435,9.0813,14.9925,1.3816,1201.99,181.65,9.757,0.9928,31.02,30.64,20656.4001
9/27/2019,0.6764,1.0942,0.6296,1.2312,4.1576,1.325,7.1218,6.8235,7.8395,70.49,108.05,4.1842,19.681,9.0822,15.1375,1.3812,1200.03,181.8,9.8006,0.9919,31.05,30.63,20851.4159
9/30/2019,0.6746,1.0905,0.6262,1.2305,4.1629,1.3243,7.1477,6.8469,7.8401,70.64,108.11,4.188,19.742,9.0834,15.1575,1.383,1195.85,182,9.8307,0.9978,31.05,30.59,20975.5097
10/1/2019,0.6703,1.0932,0.6246,1.2242,4.1624,1.3235,7.1473,6.8288,7.8425,71.11,107.7,4.192,19.7755,9.1192,15.3525,1.3851,1198.96,182.2,9.8791,0.9936,31.07,30.61,20694.5259
10/2/2019,0.6698,1.0951,0.6256,1.2313,4.1434,1.3313,7.1473,6.8179,7.8431,71.17,107.21,4.193,19.776,9.1412,15.2075,1.3844,1205.47,181.7,9.8791,0.9975,31.06,30.6,20374.5745
10/3/2019,0.6751,1.0991,0.6314,1.239,4.0876,1.3323,7.1473,6.7934,7.8433,71.03,106.76,4.1853,19.6985,9.1065,15.1375,1.38,1204.67,181.37,9.8375,0.9974,30.97,30.53,20203.9537
10/4/2019,0.6764,1.0974,0.6314,1.2309,4.0601,1.3332,7.1473,6.8056,7.8433,70.86,106.91,4.1845,19.5385,9.1025,15.05,1.3785,1192.93,181.35,9.8512,0.9958,30.92,30.42,20112.9486
10/7/2019,0.6742,1.0984,0.6292,1.2322,4.0831,1.3305,7.1473,6.7994,7.8436,70.97,107.06,4.1951,19.55,9.129,15.14,1.3808,1196.49,180.87,9.8999,0.9947,30.89,30.45,20167.4812
10/8/2019,0.6727,1.0949,0.6294,1.2206,4.0846,1.3332,7.1422,6.8213,7.8447,71.21,107.06,4.1911,19.582,9.1735,15.2675,1.3824,1193.24,180.3,9.9471,0.994,30.81,30.4,20062.5987
10/9/2019,0.673,1.0978,0.6299,1.2215,4.1043,1.3327,7.1316,6.8034,7.8454,71.09,107.43,4.1951,19.575,9.1649,15.18,1.3807,1197.29,180.45,9.9576,0.995,30.83,30.31,19614.6394
10/10/2019,0.677,1.1018,0.6324,1.2382,4.1075,1.3274,7.1153,6.7778,7.8411,70.98,107.91,4.1925,19.4575,9.1184,15.0175,1.3755,1190.06,180.5,9.8406,0.9954,30.75,30.39,19708.8834
10/11/2019,0.6804,1.1039,0.6345,1.2683,4.0945,1.3181,7.0868,6.7793,7.8441,70.91,108.52,4.1925,19.3316,9.0664,14.7725,1.3714,1195.61,180.65,9.8406,0.9967,30.75,30.39,19365.1175
10/14/2019,ND,ND,ND,ND,ND,ND,ND,ND,ND,ND,ND,ND,ND,ND,ND,ND,ND,ND,ND,ND,ND,ND,ND
10/15/2019,0.6757,1.1036,0.6284,1.2737,4.1506,1.3199,7.0814,6.7693,7.8438,71.48,108.83,4.189,19.248,9.1194,14.862,1.3709,1184.67,181.65,9.7916,0.9982,30.62,30.42,19684.0723
10/16/2019,0.6755,1.1075,0.6276,1.2854,4.161,1.3191,7.092,6.7459,7.8446,71.37,108.71,4.1935,19.199,9.1701,14.911,1.3704,1186.38,181.9,9.7807,0.9959,30.69,30.36,18907.6443
10/17/2019,0.6826,1.1129,0.6352,1.2853,4.16,1.3136,7.0766,6.7121,7.8442,71.09,108.51,4.1831,19.155,9.182,14.792,1.3648,1179.05,181.9,9.7088,0.987,30.63,30.27,18807.0796
10/18/2019,0.6846,1.1155,0.6373,1.2904,4.1312,1.3134,7.0805,6.6974,7.8427,71.07,108.44,4.185,19.141,9.1756,14.777,1.3645,1181.06,181.9,9.6665,0.9856,30.59,30.28,19125.7412
10/21/2019,0.6867,1.1145,0.6392,1.2983,4.136,1.31,7.0748,6.7032,7.8437,70.9,108.57,4.1789,19.146,9.1375,14.775,1.3611,1172.57,181.7,9.629,0.9865,30.56,30.27,18663.7878
10/22/2019,0.6863,1.1138,0.6409,1.2948,4.0713,1.3086,7.0761,6.707,7.8426,70.81,108.56,4.187,19.1,9.1407,14.607,1.3622,1170.49,181.55,9.6328,0.9889,30.58,30.3,18328.6044
10/23/2019,0.6847,1.1118,0.6418,1.2886,4.0674,1.3089,7.0624,6.7188,7.8414,70.81,108.64,4.188,19.113,9.1512,14.637,1.3632,1172.07,181.3,9.6592,0.9907,30.6,30.27,18334.4582
10/24/2019,0.6817,1.1098,0.6378,1.281,4.01,1.3078,7.0684,6.731,7.8371,71.01,108.62,4.1859,19.101,9.1372,14.653,1.3638,1173.19,181.1,9.6481,0.9923,30.57,30.25,18540.6793
10/25/2019,0.6829,1.1081,0.6363,1.2833,4.0018,1.3064,7.0647,6.7411,7.8375,70.78,108.75,4.1851,19.049,9.1942,14.6,1.363,1171.58,181.2,9.6901,0.9945,30.59,30.16,19708.6746
10/28/2019,0.6839,1.1094,0.6345,1.286,3.9769,1.3063,7.067,6.7343,7.8394,70.71,109.02,4.1851,19.046,9.2076,14.552,1.3619,1170.17,181.35,9.7045,0.996,30.56,30.23,20403.1702
10/29/2019,0.6862,1.1117,0.6358,1.2905,3.9923,1.3078,7.0655,6.72,7.8398,70.86,108.83,4.1829,19.101,9.2304,14.593,1.3621,1163.03,181.45,9.7176,0.9936,30.52,30.24,21605.7673
10/30/2019,0.6872,1.1123,0.6368,1.2872,4.017,1.3179,7.0541,6.7162,7.8404,70.96,108.88,4.1785,19.167,9.2122,14.976,1.3623,1167.76,181.5,9.6903,0.9909,30.43,30.24,23546.9264
10/31/2019,0.6888,1.1155,0.6414,1.2939,4.013,1.3144,7.0379,6.6964,7.8376,71.01,108.09,4.1761,19.174,9.1818,15.064,1.3608,1169.1,181.05,9.6334,0.9868,30.44,30.18,24354.028
11/1/2019,0.6914,1.1169,0.6445,1.295,3.9756,1.3145,7.0368,6.6892,7.8365,70.76,108.16,4.1642,19.099,9.09,15.035,1.3567,1165.45,181.1,9.5639,0.9855,30.45,30.17,23344.4006
11/4/2019,0.6898,1.1144,0.6416,1.2906,4.0007,1.3145,7.03,6.7037,7.836,70.79,108.56,4.149,19.166,9.1226,14.751,1.3575,1159.29,180.45,9.603,0.9871,30.42,30.2,22437.6783
11/5/2019,0.6892,1.107,0.6377,1.287,3.9865,1.3176,7.0082,6.7496,7.8325,70.81,109.13,4.13,19.219,9.1922,14.779,1.3592,1157.64,180.2,9.6698,0.9932,30.39,30.24,22437.6777
11/6/2019,0.6881,1.1076,0.637,1.2872,4.0582,1.3187,6.9968,6.7455,7.826,70.96,108.86,4.135,19.2,9.1664,14.841,1.36,1156.73,180.5,9.6179,0.992,30.39,30.29,22659.1538
11/7/2019,0.6895,1.1045,0.6351,1.2829,4.0884,1.3177,6.9766,6.7656,7.8265,71.04,109.42,4.1225,19.128,9.1255,14.742,1.3579,1154.44,180.69,9.6369,0.9954,30.35,30.43,23474.5446
11/8/2019,0.6854,1.1019,0.6333,1.279,4.1545,1.3218,6.9954,6.7816,7.8256,71.35,109.14,4.1333,19.108,9.1476,14.798,1.3591,1157.14,180.5,9.7095,0.9971,30.37,30.37,24167.7628
11/11/2019,ND,ND,ND,ND,ND,ND,ND,ND,ND,ND,ND,ND,ND,ND,ND,ND,ND,ND,ND,ND,ND,ND,ND
11/12/2019,0.6846,1.1017,0.6336,1.2855,4.1742,1.3227,7.0066,6.7824,7.8273,71.75,109.09,4.141,19.27,9.1438,14.925,1.3617,1160.8,180.33,9.71,0.9929,30.41,30.34,26714.6124
11/13/2019,0.6831,1.1004,0.6401,1.284,4.1772,1.3239,7.0223,6.7911,7.8302,72.12,108.83,4.152,19.426,9.189,14.911,1.3626,1167.76,180.2,9.7303,0.9892,30.5,30.22,27892.111
11/14/2019,0.678,1.1016,0.6374,1.2879,4.1912,1.3251,7.0195,6.7834,7.8289,71.99,108.33,4.1561,19.44,9.1751,14.828,1.3622,1169.82,180.3,9.6964,0.9878,30.55,30.2,29874.8047
11/15/2019,0.681,1.1046,0.6403,1.2901,4.1957,1.3228,7.0075,6.7647,7.8261,71.6,108.8,4.1535,19.205,9.0857,14.695,1.3602,1166.98,180.06,9.6467,0.9903,30.5,30.26,30010.644
11/18/2019,0.682,1.1079,0.6408,1.2965,4.1932,1.321,7.0246,6.7439,7.8274,71.9,108.61,4.154,19.253,9.1032,14.782,1.3596,1163.76,179.45,9.6139,0.9879,30.5,30.19,29309.7802
11/19/2019,0.6826,1.1075,0.6426,1.2926,4.2032,1.3233,7.0263,6.747,7.8279,71.86,108.59,4.1564,19.342,9.1262,14.755,1.361,1167.13,179.25,9.6399,0.9912,30.5,30.19,28882.3261
11/20/2019,0.6797,1.1063,0.6413,1.2918,4.1955,1.3317,7.0344,6.7546,7.8252,71.74,108.67,4.1614,19.48,9.1425,14.772,1.3615,1169.8,179.2,9.6334,0.9921,30.5,30.19,30358.9651
11/21/2019,0.6793,1.1067,0.6413,1.2915,4.2213,1.3277,7.0285,6.7522,7.8208,71.75,108.53,4.168,19.422,9.1348,14.699,1.3625,1175.71,179.6,9.6344,0.992,30.52,30.21,32015.8372
11/22/2019,0.6784,1.1029,0.6406,1.2829,4.1859,1.3293,7.0389,6.7755,7.8242,71.76,108.67,4.17,19.402,9.1585,14.725,1.3644,1179.33,179.93,9.6235,0.9967,30.51,30.2,32109.9852
11/25/2019,0.677,1.1009,0.6402,1.2885,4.2153,1.3312,7.0349,6.7871,7.8263,71.69,108.95,4.177,19.462,9.1934,14.774,1.3654,1173.09,180.85,9.6468,0.9964,30.51,30.19,32557.146
11/26/2019,0.6787,1.1012,0.642,1.285,4.2594,1.3285,7.0319,6.7841,7.8286,71.51,109.11,4.181,19.493,9.1725,14.792,1.3645,1175.59,181.5,9.5976,0.9978,30.51,30.23,33286.8192
11/27/2019,0.678,1.1002,0.6429,1.2881,4.2569,1.3284,7.028,6.7901,7.8281,71.26,109.38,4.171,19.537,9.1659,14.736,1.3652,1176.89,180.95,9.5794,0.9996,30.5,30.23,35381.9375
11/28/2019,ND,ND,ND,ND,ND,ND,ND,ND,ND,ND,ND,ND,ND,ND,ND,ND,ND,ND,ND,ND,ND,ND,ND
11/29/2019,0.6762,1.1019,0.6419,1.2939,4.2272,1.3291,7.0308,6.7803,7.8267,71.75,109.47,4.175,19.543,9.2156,14.636,1.3674,1181.33,180.85,9.57,1.0001,30.5,30.22,38108.7104
12/2/2019,0.6819,1.1075,0.6506,1.2936,4.22,1.3298,7.038,6.745,7.8284,71.65,109.09,4.1793,19.567,9.1554,14.564,1.3656,1182.84,181.25,9.5384,0.992,30.51,30.27,38883.3776
12/3/2019,0.6841,1.1089,0.6516,1.3002,4.1928,1.3298,7.0609,6.7373,7.8286,71.7,108.53,4.1739,19.555,9.1772,14.653,1.3644,1190.31,181.5,9.5254,0.9862,30.5,30.26,37512.1453
12/4/2019,0.6851,1.1076,0.6529,1.3095,4.1886,1.3212,7.0489,6.7451,7.8288,71.47,108.87,4.1754,19.482,9.1729,14.598,1.3629,1194.45,181.14,9.5217,0.9893,30.5,30.31,38359.6095
12/5/2019,0.6834,1.1104,0.6545,1.3165,4.1912,1.3177,7.0445,6.7277,7.8289,71.26,108.69,4.1703,19.364,9.1317,14.671,1.3609,1189.23,181.4,9.4811,0.9872,30.48,30.36,39847.7317
12/6/2019,0.6836,1.1052,0.6565,1.3127,4.1749,1.3255,7.0348,6.7607,7.8288,71.26,108.66,4.1579,19.331,9.1347,14.633,1.3606,1189.86,181.1,9.4929,0.9909,30.48,30.35,41571.0831
12/9/2019,0.6832,1.1067,0.6555,1.3157,4.1299,1.3228,7.0389,6.7523,7.8284,71.02,108.59,4.1594,19.229,9.1445,14.67,1.3596,1189.45,181.13,9.5292,0.9879,30.47,30.31,41982.4588
12/10/2019,0.6814,1.109,0.6541,1.3178,4.1412,1.3231,7.0328,6.7385,7.8266,70.84,108.73,4.1649,19.214,9.172,14.829,1.3583,1191.01,181.03,9.4971,0.9852,30.47,30.3,43542.0333
12/11/2019,0.6864,1.1092,0.657,1.3176,4.1179,1.3202,7.0384,6.7377,7.8117,70.73,108.67,4.163,19.178,9.1524,14.718,1.3584,1192.2,181.03,9.4401,0.9856,30.45,30.25,44498.9375
12/12/2019,0.6896,1.1115,0.6584,1.3133,4.099,1.3185,6.9925,6.7232,7.8056,70.62,109.16,4.16,19.089,9.1001,14.533,1.3557,1186.41,180.8,9.406,0.986,30.22,30.16,46019.1032
12/13/2019,0.6871,1.1128,0.6591,1.3349,4.1065,1.3196,6.9925,6.7154,7.7951,70.8,109.28,4.1384,19.066,9.048,14.515,1.3549,1171.97,181,9.4002,0.9838,30.24,30.21,46175.8911
12/16/2019,0.6887,1.1139,0.6597,1.333,4.0681,1.3158,6.9921,6.709,7.7933,70.89,109.64,4.1417,18.981,9.0134,14.396,1.3549,1171.8,181.07,9.3699,0.9839,30.11,30.22,46188.5008
12/17/2019,0.6847,1.1148,0.6568,1.3116,4.0673,1.3155,6.9967,6.703,7.789,71.04,109.52,4.141,18.91,9.0159,14.406,1.3546,1165.81,181.1,9.3754,0.9811,30.13,30.24,46250.6635
12/18/2019,0.6854,1.1113,0.6578,1.3078,4.0624,1.3117,7.0029,6.724,7.7867,70.97,109.58,4.1378,18.958,9.0203,14.302,1.3552,1168.02,181.1,9.4203,0.9819,30.15,30.2,46828.9004
12/19/2019,0.6887,1.1128,0.6607,1.3034,4.058,1.3122,7.0097,6.7148,7.7955,71.11,109.23,4.14,18.941,8.9619,14.215,1.3546,1165.04,181.4,9.4211,0.9777,30.16,30.19,47823.0011
12/20/2019,0.6902,1.1076,0.6607,1.3036,4.0859,1.317,7.0063,6.7443,7.7969,71.07,109.45,4.1385,18.914,8.9673,14.232,1.355,1160.3,181,9.4111,0.9824,30.14,30.19,47049.5708
12/23/2019,0.6917,1.1091,0.6628,1.2917,4.0621,1.3167,7.0124,6.7356,7.785,71.24,109.39,4.1415,18.931,8.947,14.187,1.3562,1163.64,181.25,9.4295,0.982,30.14,30.16,46560.5038
12/24/2019,0.6923,1.1084,0.6641,1.2955,4.0833,1.316,7.0064,6.7399,7.7872,71.23,109.38,4.135,18.955,8.9142,14.143,1.355,1163.21,181.3,9.4133,0.9807,30.14,30.15,45439.3297
12/25/2019,ND,ND,ND,ND,ND,ND,ND,ND,ND,ND,ND,ND,ND,ND,ND,ND,ND,ND,ND,ND,ND,ND,ND
12/26/2019,0.6939,1.1102,0.6666,1.3007,4.0602,1.3124,6.9949,6.7295,7.788,71.28,109.67,4.1337,18.944,8.8799,14.132,1.354,1161.18,181.3,9.4108,0.9808,30.11,30.15,45439.3281
12/27/2019,0.6978,1.1174,0.6703,1.309,4.0507,1.3073,6.9954,6.6829,7.7874,71.45,109.47,4.126,18.819,8.8291,14.025,1.352,1160.87,181.35,9.3405,0.9741,30.09,30.14,45144.2341
12/30/2019,0.7004,1.1217,0.6736,1.314,4.0152,1.3058,6.9864,6.6589,7.7857,71.3,108.85,4.1053,18.863,8.7839,14.056,1.3483,1155.75,181.6,9.3145,0.9677,30.04,29.94,45760.1186
12/31/2019,0.703,1.1227,0.6745,1.3269,4.019,1.2962,6.9618,6.6554,7.7894,71.36,108.67,4.0918,18.86,8.7823,13.973,1.3446,1155.46,181.3,9.3425,0.9677,29.91,29.75,46504.2785
1/1/2020,ND,ND,ND,ND,ND,ND,ND,ND,ND,ND,ND,ND,ND,ND,ND,ND,ND,ND,ND,ND,ND,ND,ND
1/2/2020,0.6982,1.1166,0.6692,1.3128,4.0384,1.2998,6.9642,6.692,7.7889,71.34,108.43,4.0876,18.889,8.8074,14.122,1.3475,1157.95,181.16,9.3689,0.9721,29.99,30.15,46504.2773
1/3/2020,0.6963,1.1173,0.6673,1.3091,4.0378,1.2985,6.9649,6.6888,7.7779,71.76,107.94,4.1015,18.865,8.8181,14.243,1.3486,1165.15,181.2,9.3844,0.9703,30.03,30.18,48587.5894
1/6/2020,0.6932,1.1187,0.6667,1.3163,4.0548,1.2964,6.9749,6.6799,7.769,71.86,108.36,4.104,18.821,8.8034,14.206,1.3493,1167.49,181.2,9.4132,0.9688,30.06,30.16,54305.8215
1/7/2020,0.6861,1.1138,0.6628,1.3127,4.0813,1.3016,6.9443,6.7096,7.7764,71.84,108.53,4.0935,18.876,8.8588,14.301,1.351,1166.21,181.16,9.4504,0.9716,30.05,30.31,54305.8203
1/8/2020,0.687,1.1117,0.6642,1.311,4.0463,1.3026,6.9447,6.7216,7.7753,71.51,109.03,4.102,18.773,8.8695,14.156,1.3504,1170.61,181.5,9.4514,0.9725,30.02,30.37,56599.2373
1/9/2020,0.6856,1.1106,0.6609,1.3069,4.0747,1.309,6.9309,6.7286,7.7664,71.16,109.47,4.09,18.83,8.8769,14.2,1.3517,1158.63,181.3,9.4877,0.9724,29.95,30.25,60837.9906
1/10/2020,0.6903,1.1119,0.6639,1.306,4.0771,1.3051,6.9178,6.7213,7.7661,70.94,109.5,4.0767,18.768,8.8857,14.255,1.3481,1161.18,181.09,9.5037,0.9729,29.97,30.22,62143.2901
1/13/2020,0.6911,1.1138,0.6635,1.2983,4.1351,1.3049,6.8924,6.7095,7.7719,70.74,109.93,4.062,18.82,8.8912,14.422,1.3465,1156.25,181.45,9.4679,0.9705,29.88,30.18,67045.9548
1/14/2020,0.6905,1.113,0.6613,1.3018,4.1409,1.3056,6.8837,6.714,7.7755,70.85,110.05,4.0721,18.804,8.871,14.397,1.3466,1156.28,181.39,9.4548,0.9677,29.89,30.25,67645.2089
1/15/2020,0.6911,1.116,0.6618,1.303,4.1773,1.304,6.8899,6.6958,7.7707,70.69,109.94,4.0729,18.81,8.8575,14.367,1.3461,1156.84,181.39,9.4441,0.9634,29.91,30.29,70499.0547
1/16/2020,0.6895,1.1131,0.6639,1.3076,4.1903,1.3042,6.8769,6.713,7.7714,70.95,110.16,4.061,18.777,8.8821,14.377,1.3468,1160.86,181.39,9.4876,0.965,29.93,30.39,71030.2189
1/17/2020,0.6877,1.1093,0.661,1.3029,4.1857,1.3074,6.8589,6.7371,7.7678,71.08,110.16,4.052,18.728,8.9133,14.467,1.3474,1159.08,181.16,9.5141,0.9683,29.93,30.38,72047.7694
1/20/2020,ND,ND,ND,ND,ND,ND,ND,ND,ND,ND,ND,ND,ND,ND,ND,ND,ND,ND,ND,ND,ND,ND,ND
1/21/2020,0.6853,1.1096,0.6609,1.3047,4.2,1.3068,6.9049,6.7341,7.7693,71.17,109.95,4.07,18.702,8.9698,14.468,1.3492,1166.56,181.35,9.5099,0.9681,29.98,30.39,73954.125
1/22/2020,0.6836,1.1085,0.6588,1.3136,4.1852,1.3135,6.904,6.7414,7.7718,71.07,109.93,4.0645,18.693,8.9846,14.338,1.3491,1165.68,181.35,9.5151,0.9696,29.97,30.4,73246.9044
1/23/2020,0.6834,1.1041,0.6587,1.3104,4.1689,1.3144,6.9364,6.7677,7.7725,71.45,109.39,4.0685,18.833,9.0158,14.418,1.3524,1168.38,181.45,9.5506,0.9698,30.04,30.57,73516.8289
1/24/2020,0.6824,1.1026,0.6602,1.3071,4.1879,1.3146,6.9161,6.7774,7.7721,71.31,109.31,4.064,18.845,9.0393,14.425,1.3512,1166.91,181.5,9.565,0.9712,30.03,30.56,74057.9871
1/27/2020,0.6757,1.1019,0.6551,1.3054,4.2268,1.3176,6.9161,6.7816,7.777,71.45,108.95,4.06,18.9599,9.1438,14.608,1.3571,1176.2,181.4,9.6207,0.9695,30.1,30.69,74487.13
1/28/2020,0.6753,1.1008,0.6534,1.2996,4.2094,1.3174,6.9161,6.7889,7.7759,71.24,109.17,4.0859,18.78,9.1325,14.566,1.3587,1176.23,181.17,9.6213,0.9738,30.1,30.81,74258.045
1/29/2020,0.6744,1.1004,0.6523,1.3012,4.2162,1.3201,6.9161,6.7917,7.7721,71.35,109.15,4.079,18.6762,9.1646,14.625,1.3606,1176.98,181.4,9.6224,0.9747,30.1,30.95,74540.3681
1/30/2020,0.6715,1.1032,0.649,1.3106,4.2602,1.3216,6.9161,6.7747,7.7672,71.57,108.75,4.0873,18.799,9.2067,14.7879,1.3628,1191.94,181.4,9.6387,0.9692,30.26,31.18,74540.3672
1/31/2020,0.6699,1.1082,0.6466,1.3195,4.2801,1.322,6.9161,6.7436,7.7665,71.53,108.5,4.095,18.89,9.1985,14.936,1.3647,1191.3,181.35,9.6353,0.9645,30.23,31.19,74802.3994
2/3/2020,0.6688,1.1062,0.6463,1.3006,4.2411,1.3295,7.0208,6.7549,7.7678,71.32,108.59,4.114,18.79,9.2815,14.91,1.3689,1194.8,181.4,9.6541,0.9655,30.29,31.06,73841.546
2/4/2020,0.6732,1.1043,0.648,1.3029,4.2405,1.3266,6.9979,6.7665,7.7652,71.11,109.41,4.109,18.676,9.2123,14.747,1.37,1184.51,181.39,9.5939,0.9693,30.12,30.97,72759.4737
2/5/2020,0.6748,1.1006,0.6477,1.3,4.2567,1.3294,6.972,6.767,7.764,71.19,109.74,4.1155,18.62,9.2125,14.798,1.3813,1187.25,181.39,9.5951,0.9729,30,30.97,73157.8361
2/6/2020,0.6738,1.0979,0.6462,1.2935,4.2694,1.3292,6.9694,6.8062,7.763,71.19,109.89,4.1225,18.67,9.2342,14.901,1.3855,1179.64,181.3,9.6282,0.975,30.04,31.15,73423.3459
2/7/2020,0.6679,1.095,0.6406,1.2908,4.3126,1.3304,7.0003,6.8237,7.7651,71.47,109.81,4.141,18.755,9.2888,15.062,1.3895,1186.24,181.35,9.6493,0.9777,30.1,31.34,73428.45
2/10/2020,0.6674,1.0916,0.6385,1.2919,4.3155,1.3323,6.982,6.8453,7.7657,71.28,109.77,4.148,18.767,9.2961,15.019,1.3894,1186.96,181.39,9.6648,0.9778,30.08,31.3,73246.9752
2/11/2020,0.6712,1.0917,0.6402,1.2945,4.3346,1.3299,6.965,6.8445,7.7657,71.25,109.78,4.131,18.694,9.2546,14.851,1.3863,1181.32,181.4,9.6335,0.9761,30.02,31.25,72865.867
2/12/2020,0.6746,1.0893,0.6472,1.2978,4.3428,1.3243,6.9708,6.8598,7.7702,71.29,110,4.1365,18.627,9.2148,14.818,1.3858,1178.98,181.35,9.6235,0.9767,29.98,31.1,72989.5656
2/13/2020,0.6729,1.0848,0.6444,1.3051,4.3302,1.3255,6.9759,6.8875,7.7668,71.27,109.81,4.1398,18.642,9.2602,14.887,1.3885,1182.02,181.4,9.6758,0.9788,29.98,31.1,73303.2672
2/14/2020,0.6719,1.0839,0.6437,1.3039,4.3104,1.3251,6.9859,6.8925,7.7672,71.52,109.77,4.14,18.57,9.2479,14.9,1.3921,1183.2,181.41,9.7176,0.9818,30.02,31.21,73398.9786
2/17/2020,ND,ND,ND,ND,ND,ND,ND,ND,ND,ND,ND,ND,ND,ND,ND,ND,ND,ND,ND,ND,ND,ND,ND
2/18/2020,0.6693,1.0815,0.6394,1.3017,4.3507,1.3256,6.9949,6.9071,7.7674,71.56,109.8,4.154,18.589,9.3092,14.975,1.3921,1190.6,181.5,9.7715,0.9814,30.11,31.16,73287.3036
2/19/2020,0.6673,1.0794,0.638,1.2934,4.366,1.3232,6.9975,6.9195,7.7719,71.55,111.17,4.1599,18.588,9.2762,14.98,1.3945,1191.1,181.9,9.8041,0.9839,30.11,31.21,73587.8948
2/20/2020,0.6618,1.0797,0.6339,1.2877,4.3845,1.3259,7.0225,6.9166,7.7831,71.67,111.86,4.1806,18.82,9.3194,15.118,1.4005,1198.34,181.55,9.8168,0.9831,30.26,31.43,73575.4435
2/21/2020,0.6632,1.0855,0.6351,1.2966,4.383,1.3217,7.0255,6.8812,7.7873,71.9,111.74,4.189,18.813,9.2782,14.966,1.397,1207.91,181.35,9.7269,0.9781,30.4,31.55,73602.5947
2/24/2020,0.6612,1.0857,0.6347,1.2923,4.3878,1.3282,7.0286,6.8822,7.7951,71.92,110.56,4.2255,19.089,9.33,15.128,1.399,1218.5,181.65,9.7277,0.9776,30.45,31.66,73167.6555
2/25/2020,0.6597,1.0868,0.6326,1.3004,4.3878,1.3285,7.0128,6.8737,7.7917,71.81,110.23,4.2335,19.054,9.3743,15.2,1.3986,1214.45,181.6,9.7283,0.9765,30.34,31.73,73667.6445
2/26/2020,0.6556,1.0887,0.6299,1.2921,4.4304,1.3321,7.0214,6.863,7.7937,71.58,110.36,4.224,19.163,9.3868,15.176,1.3968,1213.61,181.6,9.7263,0.9759,30.28,31.83,73667.6445
2/27/2020,0.6582,1.0977,0.6319,1.2876,4.4587,1.3356,7.0036,6.8075,7.7943,71.65,110.15,4.2095,19.347,9.3926,15.392,1.3944,1217.03,181.75,9.6568,0.9718,30.23,31.58,73419.1144
2/28/2020,0.6495,1.1001,0.6232,1.2778,4.4906,1.3411,6.9906,6.7926,7.7927,72.53,108.12,4.2137,19.73,9.4491,15.636,1.3944,1214.92,181.85,9.6802,0.9671,30.18,31.53,73468.044
3/2/2020,0.6524,1.1164,0.6253,1.2791,4.4782,1.3334,6.9595,6.6939,7.782,72.88,108.02,4.2025,19.583,9.3057,15.537,1.3893,1190.89,182.1,9.4936,0.9577,29.88,31.41,73907.3433
3/3/2020,0.6617,1.1175,0.6306,1.2827,4.4908,1.3352,6.9579,6.6869,7.7724,73.03,107.28,4.2029,19.33,9.2372,15.293,1.3858,1194.66,182,9.4301,0.9563,29.82,31.34,73802.4779
3/4/2020,0.6609,1.113,0.6278,1.2836,4.5497,1.3425,6.9244,6.7155,7.7712,73.49,107.34,4.1849,19.533,9.285,15.348,1.3848,1187.54,181.95,9.5,0.9554,29.92,31.34,73644.4602
3/5/2020,0.66,1.1202,0.6303,1.2939,4.6533,1.3403,6.9366,6.6682,7.7734,73.5,106.56,4.1595,19.825,9.2792,15.578,1.3853,1181.11,181.8,9.4508,0.9487,29.91,31.56,73469.1443
3/6/2020,0.6634,1.1319,0.6356,1.301,4.638,1.342,6.9298,6.599,7.771,74,105.31,4.17,20.171,9.2473,15.635,1.3786,1192,181.85,9.3651,0.9365,29.94,31.49,73010.3233
3/9/2020,0.6654,1.142,0.6409,1.31,4.7304,1.3527,6.9448,6.5385,7.7733,74.21,102.52,4.2145,20.926,9.4723,15.933,1.3832,1203.75,181.55,9.4147,0.9296,29.97,31.46,73041.0887
3/10/2020,0.647,1.1342,0.6261,1.2933,4.6745,1.3775,6.9549,6.5885,7.7707,74.15,103.71,4.2365,21.051,9.6008,16.103,1.3903,1193.1,182.4,9.5002,0.933,29.91,31.47,73072.624
3/11/2020,0.6512,1.128,0.6309,1.2887,4.6844,1.3748,6.9595,6.6266,7.7698,73.68,104.81,4.237,21.205,9.6262,16.1516,1.3915,1194.16,182.49,9.4951,0.9381,30.07,31.45,73151.4935
3/12/2020,0.628,1.1081,0.6095,1.2541,4.8563,1.3869,7.0282,6.7407,7.7863,74.25,105.67,4.2631,22.326,10.1959,16.531,1.41,1206.19,182.75,9.8319,0.954,30.18,31.72,73465.4328
3/13/2020,0.6161,1.1066,0.6052,1.2406,4.7622,1.3991,7.0079,6.7464,7.7731,73.86,107.15,4.277,21.885,10.0904,16.324,1.417,1211.7,183.61,9.8113,0.9541,30.13,31.95,73504.5108
3/16/2020,0.6132,1.1139,0.6119,1.2278,4.9813,1.3974,6.9913,6.7096,7.7696,74.01,105.64,4.305,22.613,10.2664,16.533,1.42,1225.33,183.9,9.8405,0.9467,30.19,31.98,73504.5078
3/17/2020,0.5976,1.0971,0.594,1.2017,5.0185,1.4188,7.003,6.8114,7.7632,74.26,107.41,4.3472,23.14,10.4332,16.585,1.4296,1240.98,184.8,9.9453,0.9647,30.21,32.18,73961.1179
3/18/2020,0.582,1.0833,0.5778,1.176,5.1136,1.4529,7.0459,6.899,7.7686,74.55,108.45,4.3629,23.72,11.0912,17.096,1.4448,1245.19,185.65,10.2426,0.9727,30.37,32.5,73822.954
3/19/2020,0.5859,1.0699,0.5824,1.1662,5.1503,1.4463,7.1058,6.9745,7.7603,74.78,110.08,4.4023,24.087,11.2584,17.3721,1.449,1250.86,186.33,10.3827,0.9847,30.4,32.57,72079.4178
3/20/2020,0.5841,1.0682,0.5739,1.1743,5.001,1.4363,7.095,6.9933,7.7554,75.31,111.3,4.375,24.026,11.6842,17.5,1.4525,1250.55,187,10.3349,0.9866,30.3,32.69,72079.4141
3/23/2020,0.5755,1.076,0.5669,1.1492,5.1286,1.4539,7.09,6.9424,7.7557,76.29,111.36,4.445,25.127,11.2963,17.755,1.4605,1267.25,186.69,10.3085,0.9824,30.33,32.86,70541.7871
3/24/2020,0.5927,1.0794,0.5794,1.1784,5.0731,1.448,7.061,6.918,7.7561,76.37,111.44,4.428,25.132,11.0926,17.655,1.4467,1249.88,186.69,10.1627,0.9813,30.16,32.82,69721.604
3/25/2020,0.5957,1.0835,0.581,1.1763,5.0589,1.4333,7.1099,6.8992,7.7528,76.36,111.43,4.387,24.395,10.9069,17.4,1.4484,1228.15,186.69,10.1783,0.9781,30.29,32.77,70677.7519
3/26/2020,0.6054,1.1025,0.5962,1.214,4.9972,1.4045,7.0709,6.7696,7.752,74.89,109.45,4.3299,23.13,10.401,17.2768,1.431,1233.47,186.69,9.9501,0.9645,30.19,32.6,71030.5069
3/27/2020,0.6126,1.1059,0.6022,1.236,5.1113,1.4075,7.0942,6.7515,7.7511,75.47,108.16,4.325,23.41,10.5017,17.555,1.4305,1210.49,186.69,9.9481,0.9558,30.21,32.54,73645.5884
3/30/2020,0.6145,1.1018,0.5991,1.2392,5.1593,1.4169,7.0986,6.7784,7.7533,75.33,108.06,4.34,24.265,10.6095,17.945,1.4253,1224.11,186.69,10.0596,0.9606,30.24,32.68,77698.7269
3/31/2020,0.6139,1.1016,0.5959,1.2454,5.1855,1.4123,7.0808,6.771,7.7513,75.39,107.53,4.313,23.448,10.4059,17.7682,1.4215,1218.92,186.69,9.9145,0.9627,30.25,32.7,80069.4225
4/1/2020,0.6107,1.0934,0.5944,1.2394,5.2494,1.4222,7.0989,6.8269,7.7528,76.4,107.05,4.3585,24.453,10.4593,18.145,1.4346,1229.65,186.69,10.0468,0.9675,30.29,33.04,80743.3602
4/2/2020,0.6047,1.0862,0.5909,1.238,5.2649,1.411,7.0857,6.8739,7.7521,76.34,107.85,4.355,24.034,10.3592,18.5312,1.4304,1229.89,186.69,10.1075,0.9727,30.2,32.93,83167.2797
4/3/2020,0.6001,1.0797,0.5856,1.2228,5.3129,1.4132,7.0908,6.917,7.753,76.24,108.53,4.356,24.69,10.5712,18.985,1.4408,1230.56,190.1,10.1865,0.9777,30.26,33.03,84481.5878
4/6/2020,0.6096,1.0808,0.595,1.2298,5.2342,1.4125,7.0895,6.9091,7.7524,75.95,109.11,4.361,24.628,10.4341,18.674,1.4315,1224.6,193,10.1237,0.9768,30.21,32.78,86441.2342
4/7/2020,0.6187,1.0886,0.5984,1.2343,5.2319,1.3971,7.0448,6.8573,7.7517,75.64,108.97,4.335,24.035,10.2449,18.222,1.4228,1220.43,191.6,10.0318,0.9707,30.08,32.72,91602.4809
4/8/2020,0.6223,1.0864,0.6017,1.2394,5.1701,1.4015,7.0649,6.8685,7.7517,75.96,108.7,4.345,24.039,10.2676,18.2108,1.4259,1220.77,191.6,10.057,0.971,30.11,32.72,96390.8513
4/9/2020,0.6309,1.0931,0.6066,1.2458,5.0708,1.398,7.0428,6.8291,7.7527,76.3,108.38,4.33,23.625,10.1992,17.903,1.417,1219.71,190.5,9.9551,0.966,30.01,32.66,100727.6793
4/10/2020,0.6349,1.0951,0.6082,1.2485,5.1063,1.3967,7.0341,6.8166,7.7524,75.87,108.39,4.305,23.42,10.175,18.0158,1.413,1211.71,191.6,9.9204,0.9648,30.06,32.69,100727.6797
4/13/2020,0.638,1.0906,0.6085,1.2518,5.1871,1.3953,7.0501,6.8455,7.7523,76.25,107.59,4.326,23.723,10.3121,18.14,1.415,1217.72,191.6,9.9931,0.9674,30.06,32.7,100727.6797
4/14/2020,0.6419,1.0971,0.608,1.2617,5.2074,1.3903,7.0479,6.8034,7.7511,76.11,107.08,4.33,23.599,10.3037,18.357,1.4143,1216.85,191.6,9.9606,0.9606,30.07,32.62,105641.9275
4/15/2020,0.6328,1.0909,0.5997,1.2523,5.2559,1.4105,7.0664,6.8403,7.7502,76.56,107.42,4.3371,24.064,10.5356,18.732,1.4235,1224.55,191.6,10.0391,0.9647,30.04,32.7,113549.3843
4/16/2020,0.6301,1.084,0.5947,1.2433,5.2318,1.4141,7.0778,6.8821,7.7508,76.75,107.72,4.372,24.124,10.4691,18.668,1.4284,1228.21,191.5,10.0384,0.9695,30.11,32.65,120558.2583
4/17/2020,0.6357,1.0883,0.6034,1.2503,5.255,1.4026,7.0711,6.8535,7.7506,76.56,107.52,4.3739,23.831,10.3099,18.85,1.422,1217.81,191.5,9.9801,0.9662,30.07,32.49,125660.1515
4/20/2020,0.6387,1.0874,0.6075,1.2467,5.2911,1.4067,7.0721,6.8586,7.7501,76.56,107.69,4.372,24.037,10.3634,18.806,1.4189,1217.29,192,10.0102,0.967,30.04,32.46,125260.0977
4/21/2020,0.6279,1.0854,0.5954,1.2266,5.3166,1.4199,7.0914,6.8691,7.75,76.95,107.69,4.3924,24.433,10.5984,18.965,1.4311,1229.28,192,10.105,0.9691,30.1,32.51,127724.1699
4/22/2020,0.632,1.0829,0.5949,1.2332,5.3955,1.4132,7.0831,6.8871,7.75,76.44,107.81,4.364,24.585,10.764,19.007,1.4277,1234.79,193,10.0949,0.9711,30.1,32.33,128770.3357
4/23/2020,0.6388,1.0815,0.6026,1.2369,5.4498,1.4028,7.0654,6.8963,7.75,75.84,107.65,4.3581,24.682,10.5957,19.04,1.4225,1229.04,192.5,10.0467,0.9731,30.08,32.31,144594.7971
4/24/2020,0.6377,1.0798,0.6003,1.2335,5.6858,1.4098,7.0813,6.9081,7.7506,76.26,107.44,4.3626,24.8225,10.68,18.972,1.4253,1233.88,192.41,10.0732,0.975,30.1,32.42,171146.5702
4/27/2020,0.646,1.0829,0.6054,1.2421,5.6741,1.4042,7.0848,6.8858,7.7499,76.23,107.22,4.35,24.832,10.5772,18.851,1.4189,1224.16,192.33,10.0473,0.9756,30.02,32.47,170645.1679
4/28/2020,0.6499,1.0836,0.6063,1.2438,5.5646,1.3992,7.0776,6.8802,7.7498,75.96,106.83,4.36,24.394,10.4079,18.658,1.4167,1224.83,192.2,9.8868,0.9743,29.99,32.43,169916.8216
4/29/2020,0.6536,1.0853,0.6104,1.2429,5.3923,1.3936,7.0755,6.8717,7.7503,75.45,106.67,4.341,23.927,10.3548,18.251,1.4124,1219.2,191.88,9.8824,0.9748,29.89,32.4,175220.693
4/30/2020,0.6523,1.0934,0.615,1.2602,5.4296,1.3911,7.0622,6.8233,7.7514,75.08,106.94,4.3004,23.979,10.2553,18.448,1.4095,1203.95,191.88,9.7751,0.9669,29.72,32.42,176121.6642
5/1/2020,0.6424,1.0998,0.6053,1.2509,5.4858,1.4102,7.0622,6.7828,7.7517,75.75,106.76,4.3004,24.8066,10.3348,18.85,1.4163,1223.2,191.88,9.8316,0.9599,29.72,32.52,176096.6952
5/4/2020,0.6412,1.0911,0.6028,1.243,5.5714,1.4088,7.0622,6.8396,7.7532,75.64,106.82,4.315,24.3853,10.3445,18.704,1.4169,1228.81,190.21,9.8856,0.9647,29.82,32.4,176096.6875
5/5/2020,0.6458,1.0844,0.6065,1.2449,5.5623,1.4025,7.0622,6.8813,7.7534,75.72,106.52,4.301,23.7938,10.2603,18.388,1.4148,1220.13,188.6,9.8296,0.9721,29.84,32.37,174975.5464
5/6/2020,0.6414,1.0806,0.6019,1.2347,5.6798,1.4143,7.1031,6.9034,7.752,76.08,106.07,4.322,24.295,10.2799,18.77,1.4203,1222.03,187.58,9.8486,0.9745,29.9,32.41,171444.86
5/7/2020,0.65,1.0815,0.6086,1.2349,5.8027,1.3972,7.0825,6.8989,7.7505,75.78,106.36,4.32,23.961,10.2274,18.521,1.4151,1224.76,187.58,9.8128,0.9746,29.9,32.38,168940.4777
5/8/2020,0.6543,1.0854,0.6147,1.2436,5.7455,1.391,7.0732,6.8721,7.7512,75.58,106.5,4.331,23.619,10.1864,18.36,1.4114,1216.47,187.58,9.759,0.9699,29.87,32.17,172520.4436
5/11/2020,0.6472,1.0818,0.6065,1.233,5.7958,1.4024,7.0972,6.8947,7.7504,75.87,107.7,4.3315,23.913,10.285,18.389,1.4176,1220.2,188,9.8649,0.9722,29.87,32.17,178571.7115
5/12/2020,0.6509,1.0864,0.6102,1.2299,5.7922,1.4009,7.0816,6.863,7.7506,75.03,107.33,4.325,24.037,10.1585,18.278,1.4155,1222,188,9.7394,0.968,29.88,32.08,178656.8139
5/13/2020,0.6463,1.0837,0.6009,1.2225,5.9204,1.4089,7.0911,6.8793,7.7506,75.33,106.92,4.328,24.311,10.1418,18.521,1.4185,1223.86,188,9.7939,0.9704,29.91,32.07,178086.1101
5/14/2020,0.6422,1.08,0.5972,1.2194,5.9181,1.4086,7.0935,6.9051,7.7508,75.48,107.09,4.3369,24.172,10.2232,18.564,1.4258,1227.76,187.5,9.8438,0.9727,29.91,32.08,178593.7405
5/15/2020,0.641,1.0816,0.5929,1.2129,5.8235,1.409,7.1013,6.8937,7.7511,75.82,107.27,4.3491,24.0493,10.2422,18.54,1.4274,1230.71,187.42,9.866,0.9726,29.94,32.06,181221.6869
5/18/2020,0.6513,1.0904,0.6038,1.2211,5.708,1.3966,7.1086,6.8379,7.7513,75.74,107.25,4.36,23.59,10.0317,18.383,1.4191,1232.32,187.4,9.7192,0.9699,29.96,32.01,182590.6781
5/19/2020,0.6567,1.0937,0.6104,1.2255,5.7101,1.3879,7.098,6.8159,7.7508,75.67,107.89,4.3516,23.614,9.9461,18.265,1.4157,1225.19,187.4,9.6594,0.9725,29.94,31.88,182879.2572
5/20/2020,0.6601,1.098,0.6146,1.2257,5.6909,1.3911,7.0928,6.7906,7.75,75.47,107.46,4.3512,23.215,9.9089,17.9599,1.4128,1230.02,187,9.5831,0.9649,29.97,31.81,182377.139
5/21/2020,0.6562,1.0953,0.6113,1.2227,5.5989,1.3946,7.1138,6.8084,7.755,75.63,107.69,4.3442,22.924,9.951,17.653,1.4174,1230.53,186.5,9.6318,0.9703,29.91,31.84,183074.9995
5/22/2020,0.6528,1.0894,0.6092,1.2178,5.5663,1.4021,7.1269,6.8466,7.7561,75.99,107.5,4.3595,22.738,10.0159,17.701,1.4254,1236.53,185.5,9.6838,0.9722,30.08,31.9,187659.5826
5/25/2020,ND,ND,ND,ND,ND,ND,ND,ND,ND,ND,ND,ND,ND,ND,ND,ND,ND,ND,ND,ND,ND,ND,ND
5/26/2020,0.6644,1.097,0.6202,1.2337,5.376,1.3821,7.134,6.7988,7.7526,75.43,107.64,4.3595,22.336,9.907,17.404,1.4167,1234.24,186,9.6426,0.9668,29.97,31.88,192921.0781
5/27/2020,0.659,1.0969,0.6166,1.2231,5.2818,1.3786,7.1681,6.798,7.7526,75.88,107.79,4.348,22.358,9.9041,17.418,1.4207,1238.03,186.2,9.6477,0.9696,30.04,31.91,192980.6632
5/28/2020,0.6664,1.1069,0.6223,1.2325,5.3346,1.3763,7.1447,6.7344,7.7522,75.67,107.67,4.348,22.191,9.7729,17.413,1.4157,1239.28,186.3,9.504,0.9642,29.97,31.85,195559.6322
5/29/2020,0.6642,1.1107,0.6187,1.232,5.4248,1.3809,7.1348,6.7097,7.7513,75.59,107.77,4.3429,22.17,9.7306,17.596,1.4135,1236.61,186.2,9.4248,0.9618,30.01,31.82,196721.9173
6/1/2020,0.6785,1.1123,0.6286,1.2472,5.3727,1.3603,7.1263,6.7027,7.7514,75.56,107.56,4.312,21.991,9.6403,17.4,1.4075,1224.79,186,9.386,0.9613,29.91,31.65,197615.3142
6/2/2020,0.6872,1.1166,0.6345,1.2531,5.2331,1.3515,7.0992,6.6759,7.7509,75.03,108.6,4.275,21.722,9.5632,17.195,1.4015,1225.07,185.8,9.3538,0.9623,29.91,31.53,197300.2553
6/3/2020,0.6948,1.1246,0.6436,1.26,5.0417,1.3489,7.1115,6.6287,7.7501,75.32,108.88,4.2593,21.635,9.4544,16.89,1.3957,1216.08,185.75,9.26,0.9613,29.88,31.59,196696.067
6/4/2020,0.6944,1.1322,0.6452,1.2608,5.0927,1.3513,7.1075,6.5847,7.7499,75.43,109,4.2727,21.851,9.3616,16.931,1.3978,1218.77,185.4,9.196,0.9565,29.9,31.55,197021.2226
6/5/2020,0.6983,1.1297,0.6513,1.2703,4.9542,1.342,7.0808,6.6007,7.7499,75.61,109.68,4.2655,21.545,9.2955,16.836,1.3918,1202.79,185.33,9.1806,0.9622,29.78,31.5,198155.0757
6/8/2020,0.6995,1.1293,0.6541,1.2694,4.8858,1.3379,7.07,6.6018,7.7498,75.44,108.46,4.2655,21.638,9.2754,16.79,1.3895,1197.84,185.05,9.2138,0.9567,29.75,31.41,198533.356
6/9/2020,0.6964,1.1348,0.6526,1.2736,4.899,1.3433,7.0765,6.5693,7.7499,75.44,107.66,4.274,21.728,9.2866,16.681,1.3887,1197.04,185,9.1774,0.9487,29.68,31.31,197689.64
6/10/2020,0.7004,1.1355,0.6543,1.2758,4.8979,1.3388,7.0599,6.5674,7.7499,75.65,107.25,4.2497,21.941,9.3445,16.556,1.384,1189.9,185,9.2273,0.945,29.54,31.14,197398.9725
6/11/2020,0.6889,1.1378,0.646,1.2635,4.976,1.3559,7.064,6.5518,7.7502,75.97,106.67,4.2449,22.521,9.5249,17.0834,1.3883,1196.34,185.1,9.2524,0.9382,29.65,30.92,200663.3867
6/12/2020,0.6854,1.1253,0.6431,1.2527,5.0241,1.3587,7.0825,6.6256,7.7499,76.03,107.36,4.2615,22.298,9.6331,17.011,1.3923,1204.52,185.2,9.3322,0.9515,29.63,30.97,201959.3869
6/15/2020,0.6851,1.127,0.6436,1.2543,5.2082,1.3618,7.0887,6.6161,7.75,75.97,107.33,4.2765,22.521,9.6138,17.265,1.3943,1212.21,185.9,9.3404,0.9503,29.67,31.05,202749.3655
6/16/2020,0.6886,1.1259,0.6451,1.2586,5.1563,1.3562,7.0854,6.6236,7.7499,76.19,107.35,4.2727,22.175,9.5735,17.1525,1.3937,1207.26,186,9.3804,0.9494,29.65,31.1,202996.4437
6/17/2020,0.6897,1.1219,0.6462,1.2526,5.264,1.357,7.084,6.6461,7.7499,76.25,107.26,4.2797,22.368,9.5397,17.22,1.3939,1215.02,186.41,9.3589,0.9512,29.64,31.13,203130.5445
6/18/2020,0.6847,1.1216,0.6428,1.243,5.354,1.3593,7.0869,6.6472,7.7501,76.32,106.78,4.2765,22.669,9.5402,17.485,1.3939,1211.65,186.55,9.4211,0.951,29.59,31.07,202949.2141
6/19/2020,0.6856,1.1189,0.6422,1.2362,5.3388,1.3601,7.0707,6.6634,7.75,76.21,106.89,4.2663,22.61,9.6154,17.3375,1.3965,1208.38,186.17,9.4542,0.9519,29.59,30.98,202375.9857
6/22/2020,0.6904,1.126,0.6485,1.2447,5.2235,1.3544,7.0678,6.6205,7.75,75.76,106.84,4.276,22.457,9.5965,17.335,1.3924,1210.73,186.55,9.3703,0.9475,29.6,30.95,202375.9844
6/23/2020,0.6955,1.1322,0.6515,1.2531,5.1578,1.3509,7.0575,6.5833,7.75,75.48,106.44,4.2755,22.389,9.4813,17.2275,1.3895,1206.43,186.5,9.2806,0.9438,29.54,30.87,201234.2267
6/24/2020,0.6875,1.1272,0.6416,1.2432,5.302,1.3601,7.077,6.6132,7.7502,75.65,106.83,4.2714,22.7116,9.6145,17.405,1.3922,1199.55,186.53,9.3315,0.9471,29.52,30.84,201456.4952
6/25/2020,0.6868,1.1221,0.6425,1.2406,5.3541,1.366,7.0768,6.6439,7.7504,75.58,107.21,4.276,22.83,9.6892,17.2375,1.3914,1203.59,186.35,9.3234,0.9485,29.52,30.9,201456.5
6/26/2020,0.6861,1.1215,0.6418,1.2337,5.4661,1.3695,7.0768,6.6459,7.7501,75.63,107.19,4.289,22.946,9.7166,17.2625,1.3938,1203.44,186.33,9.3582,0.948,29.51,30.9,201651.6245
6/29/2020,0.6851,1.1237,0.6408,1.2279,5.4587,1.3686,7.0794,6.6319,7.7504,75.52,107.71,4.2855,23.123,9.7074,17.3,1.3943,1200.91,186.1,9.3254,0.9504,29.45,30.89,201825.6813
6/30/2020,0.6893,1.1237,0.6446,1.2369,5.4844,1.3614,7.0651,6.6318,7.7501,75.53,107.77,4.2808,23.0821,9.6577,17.3525,1.3942,1200.5,186.13,9.3071,0.9467,29.44,30.88,203130.5469
7/1/2020,0.6917,1.1259,0.6474,1.2474,5.3492,1.3579,7.0703,6.6191,7.7503,75.5,107.5,4.2845,22.823,9.5139,17.08,1.3936,1201.84,186.15,9.29,0.9455,29.43,31.02,203906.6474
7/2/2020,0.6921,1.1237,0.6513,1.2469,5.3146,1.3591,7.066,6.6321,7.7501,74.78,107.55,4.2852,22.52,9.5357,16.9675,1.3947,1199.84,186.05,9.3226,0.9455,29.45,31.06,204515.604
7/3/2020,ND,ND,ND,ND,ND,ND,ND,ND,ND,ND,ND,ND,ND,ND,ND,ND,ND,ND,ND,ND,ND,ND,ND
7/6/2020,0.6973,1.1307,0.6543,1.2482,5.314,1.3546,7.0159,6.59,7.7499,74.62,107.5,4.276,22.275,9.407,16.975,1.393,1192.66,185.75,9.2691,0.9416,29.4,31.06,206453.1339
7/7/2020,0.6972,1.1299,0.6567,1.2572,5.358,1.3587,7.0127,6.5941,7.7499,74.81,107.53,4.273,22.636,9.4318,17.0775,1.3931,1194.43,185.85,9.2255,0.941,29.45,31.18,207202.9426
7/8/2020,0.6967,1.1329,0.6564,1.2593,5.3581,1.3539,7.0041,6.576,7.7499,74.94,107.39,4.2712,22.855,9.416,16.975,1.3928,1194.63,185.75,9.1916,0.9382,29.43,31.22,207202.9375
7/9/2020,0.6958,1.1298,0.6563,1.2614,5.3182,1.3577,6.9923,6.5932,7.7499,75.12,107.27,4.2606,22.702,9.4554,16.9125,1.3922,1197.84,185.63,9.2164,0.9397,29.42,31.26,211145.8212
7/10/2020,0.6959,1.1318,0.6581,1.2654,5.3334,1.3591,6.999,6.5795,7.7503,75.14,106.77,4.2646,22.507,9.4213,16.7475,1.3904,1204.34,185.63,9.1764,0.9395,29.45,31.31,213471.4924
7/13/2020,0.6983,1.1364,0.658,1.2614,5.3439,1.3568,6.9959,6.5509,7.7506,75.16,107.22,4.2626,22.432,9.3667,16.69,1.3879,1200.13,185.85,9.1381,0.941,29.42,31.36,215452.7396
7/14/2020,0.697,1.1406,0.6532,1.2546,5.429,1.3606,7.006,6.5261,7.7508,75.38,107.2,4.2692,22.592,9.3875,16.75,1.3918,1205.24,185.8,9.0986,0.9385,29.45,31.53,216364.1624
7/15/2020,0.7003,1.1406,0.6567,1.2586,5.362,1.3521,6.9885,6.5277,7.7527,75.11,106.92,4.2626,22.371,9.3149,16.585,1.3899,1201.97,185.8,9.0732,0.9439,29.5,31.57,219249.9511
7/16/2020,0.7008,1.1433,0.6567,1.2621,5.343,1.3539,6.9881,6.5126,7.7533,75.11,107.05,4.266,22.288,9.2516,16.64,1.3894,1202.97,185.7,9.0348,0.9432,29.44,31.69,220431.3682
7/17/2020,0.6994,1.1438,0.6551,1.255,5.352,1.3572,6.9912,6.5107,7.7538,74.93,107.06,4.263,22.48,9.2712,16.6575,1.3898,1203.86,185.7,9.0241,0.9388,29.46,31.68,223264.2628
7/20/2020,0.7009,1.1442,0.657,1.2658,5.3365,1.3531,6.9829,6.5061,7.7517,74.77,107.21,4.262,22.58,9.2486,16.67,1.3886,1202.26,185.75,8.9752,0.9389,29.45,31.8,226093.5998
7/21/2020,0.7111,1.1495,0.6629,1.2736,5.1936,1.3443,6.98,6.475,7.7507,74.54,106.82,4.26,22.319,9.1262,16.46,1.3845,1194.64,185.75,8.9005,0.934,29.4,31.57,228287.986
7/22/2020,0.7147,1.1587,0.6668,1.2729,5.0973,1.3407,6.9988,6.4234,7.752,74.56,107.18,4.2507,22.256,9.1262,16.455,1.3837,1194.83,185.75,8.8498,0.9288,29.41,31.6,231170.3275
7/23/2020,0.7136,1.1623,0.6659,1.2759,5.1405,1.337,7.0034,6.4035,7.7511,74.81,106.83,4.2574,22.314,9.1544,16.5475,1.3841,1198.91,185.75,8.8326,0.925,29.41,31.69,236617.1598
7/24/2020,0.7094,1.1635,0.6633,1.2791,5.1948,1.3425,7.0168,6.3966,7.7516,74.77,105.79,4.2623,22.363,9.1907,16.6925,1.3832,1203.17,185.75,8.8533,0.9222,29.45,31.61,241365.8539
7/27/2020,0.7134,1.175,0.6683,1.2887,5.1835,1.3383,6.995,6.3343,7.751,74.77,105.29,4.2519,22.013,9.1115,16.4175,1.3792,1195.94,185.7,8.7379,0.9204,29.31,31.48,241365.8594
7/28/2020,0.7161,1.1733,0.6663,1.295,5.1684,1.3364,6.9998,6.3438,7.7501,74.91,105.03,4.2514,21.957,9.0953,16.5425,1.3778,1198.15,185.75,8.7536,0.9169,29.3,31.47,244443.3962
7/29/2020,0.7168,1.177,0.6655,1.2974,5.1483,1.337,7.0014,6.3232,7.75,74.92,105.06,4.2415,22.003,9.0647,16.5,1.3752,1192.98,185.7,8.7534,0.9141,29.26,31.41,248956.5313
7/30/2020,0.7139,1.1791,0.6641,1.3035,5.1824,1.344,7.008,6.3122,7.75,74.88,105.05,4.2375,22.183,9.1302,16.9125,1.3757,1196.3,185.6,8.7473,0.912,29.32,31.37,249057.3434
7/31/2020,0.7159,1.1822,0.6644,1.3133,5.1967,1.3384,6.9744,6.2979,7.75,74.9,105.78,4.2375,22.226,9.0889,17.005,1.3728,1192.68,185.07,8.7487,0.9113,29.34,31.23,257718.9
8/3/2020,0.7107,1.175,0.66,1.3053,5.32,1.3408,6.9799,6.3375,7.7503,75.2,106.11,4.2224,22.574,9.1382,17.1925,1.3764,1194.31,185.07,8.7591,0.9194,29.35,31.21,258448.3499
8/4/2020,0.715,1.1766,0.6611,1.3059,5.3259,1.3366,6.972,6.3315,7.75,75.06,105.87,4.2182,22.746,9.1165,17.3775,1.3749,1194.53,185.5,8.7452,0.9154,29.38,31.05,261904.8407
8/5/2020,0.7216,1.1898,0.6662,1.3141,5.2928,1.3254,6.9353,6.2626,7.7501,74.8,105.44,4.189,22.423,8.9435,17.3175,1.3676,1188.93,185.45,8.6532,0.9053,29.34,31.01,262412.4946
8/6/2020,0.7228,1.1856,0.6661,1.3147,5.3537,1.3285,6.952,6.2848,7.75,74.87,105.52,4.188,22.359,8.9802,17.4575,1.3693,1185.29,185.4,8.6973,0.9101,29.37,31.13,264933.9113
8/7/2020,0.7163,1.1776,0.6607,1.3043,5.4343,1.3393,6.967,6.3241,7.7504,75.04,105.92,4.1881,22.483,9.0623,17.6325,1.3729,1189.25,185.2,8.7518,0.914,29.39,31.2,270354.6373
8/10/2020,0.7162,1.1756,0.6592,1.3082,5.423,1.335,6.9611,6.3334,7.7502,74.91,105.85,4.1952,22.493,9.0288,17.685,1.3729,1186.28,184.7,8.7419,0.9154,29.39,31.11,277343.5511
8/11/2020,0.7155,1.1764,0.6576,1.3077,5.423,1.3296,6.9451,6.3307,7.75,74.61,106.56,4.1928,22.338,8.9875,17.535,1.3724,1184.84,183.95,8.7392,0.9163,29.39,31.1,283889.7653
8/12/2020,0.7167,1.1796,0.6587,1.3047,5.4745,1.325,6.9363,6.3141,7.7505,74.73,106.85,4.1908,22.318,8.9387,17.3975,1.3715,1184.09,182.9,8.6888,0.9109,29.37,31.07,283414.9995
8/13/2020,0.716,1.1818,0.6557,1.3082,5.3835,1.3214,6.944,6.302,7.7503,74.81,106.89,4.19,22.28,8.8831,17.4175,1.3719,1183.25,182.8,8.6839,0.9097,29.43,31.05,283293.0079
8/14/2020,0.7168,1.1833,0.6554,1.3108,5.3881,1.325,6.9501,6.2942,7.7506,74.87,106.49,4.194,22.019,8.8945,17.3475,1.3703,1186.53,183.13,8.6984,0.9091,29.38,31.09,286649.3155
8/17/2020,0.7211,1.1869,0.6547,1.3105,5.4734,1.3202,6.9318,6.2727,7.7503,74.74,105.97,4.1894,22.042,8.8633,17.46,1.3679,1184.17,183.13,8.6918,0.9058,29.38,31.15,293920.7455
8/18/2020,0.7235,1.1928,0.6588,1.3228,5.4845,1.3181,6.9215,6.2406,7.7501,74.62,105.41,4.182,22.18,8.8387,17.3525,1.3647,1184.74,184.23,8.6481,0.9029,29.39,31.16,289550.7506
8/19/2020,0.7234,1.1898,0.6607,1.3191,5.5045,1.3173,6.9192,6.258,7.75,74.85,105.71,4.171,22.046,8.8504,17.18,1.366,1181.06,186.1,8.6574,0.9114,29.37,31.25,291796.8124
8/20/2020,0.7178,1.1862,0.6519,1.319,5.637,1.3177,6.9143,6.2783,7.75,75.01,105.81,4.171,22.148,8.9437,17.275,1.3676,1187.66,184.35,8.706,0.9082,29.42,31.41,296027.271
8/21/2020,0.7156,1.1775,0.6533,1.3098,5.5949,1.3201,6.9179,6.3235,7.7502,74.92,105.88,4.179,22.042,9.0457,17.1275,1.3723,1191.84,184.5,8.7988,0.9131,29.4,31.56,302779.1537
8/24/2020,0.7174,1.1803,0.6536,1.3078,5.601,1.322,6.918,6.3067,7.75,74.17,105.9,4.1739,21.974,8.9953,16.93,1.3696,1189.11,184.9,8.7819,0.9109,29.38,31.48,304688.8268
8/25/2020,0.718,1.1818,0.653,1.3136,5.6046,1.3191,6.9116,6.2978,7.7501,74.2,106.4,4.168,21.961,8.9755,16.8625,1.3693,1188.18,186.4,8.7721,0.9089,29.38,31.44,305491.6117
8/26/2020,0.7222,1.1813,0.66,1.3186,5.6073,1.3145,6.8855,6.3013,7.7502,74.22,106.13,4.166,21.945,8.9201,16.9675,1.3663,1185.6,186.2,8.7389,0.9086,29.34,31.27,307221.1635
8/27/2020,0.726,1.1824,0.6641,1.3229,5.5965,1.3111,6.8925,6.2946,7.7498,73.89,106.42,4.1719,22.115,8.8878,17.0025,1.3656,1185.22,185.9,8.7099,0.9077,29.36,31.28,312059.6588
8/28/2020,ND,ND,ND,ND,ND,ND,ND,ND,ND,ND,ND,ND,ND,ND,ND,ND,ND,ND,ND,ND,ND,ND,ND
8/31/2020,0.7388,1.195,0.6753,1.3375,5.4698,1.3034,6.8474,6.2277,7.7501,73.25,105.84,4.163,21.88,8.7043,16.915,1.36,1187.48,185.8,8.6249,0.9012,29.37,31.06,323800.1664
9/1/2020,0.7375,1.1949,0.6766,1.3416,5.3578,1.3043,6.8272,6.2298,7.7499,73,106,4.1427,21.751,8.748,16.63,1.3598,1182.94,185.8,8.6717,0.9072,29.36,31.18,326929.5181
9/2/2020,0.7319,1.184,0.6757,1.3315,5.355,1.3061,6.8375,6.2849,7.7501,73.27,106.15,4.1429,21.832,8.8481,16.8325,1.3629,1189.98,185.2,8.731,0.9107,29.36,31.3,328729.4151
9/3/2020,0.7272,1.1832,0.6707,1.3263,5.3078,1.3131,6.8474,6.2884,7.7501,73.39,106.14,4.145,21.663,8.9253,16.7775,1.3655,1188.04,185.3,8.7494,0.9104,29.35,31.43,334183.5064
9/4/2020,0.7264,1.182,0.6702,1.323,5.2873,1.3095,6.8409,6.295,7.7504,73.29,106.34,4.1454,21.595,8.95,16.6025,1.3667,1190.6,185.05,8.7642,0.9147,29.32,31.41,337931.1097
9/7/2020,ND,ND,ND,ND,ND,ND,ND,ND,ND,ND,ND,ND,ND,ND,ND,ND,ND,ND,ND,ND,ND,ND,ND
9/8/2020,0.723,1.1789,0.6632,1.3039,5.351,1.3194,6.8435,6.3119,7.7503,73.78,105.97,4.1655,21.732,9.0929,16.9525,1.3692,1188.69,184.25,8.8122,0.9166,29.25,31.43,354853.9533
9/9/2020,0.7275,1.181,0.6678,1.3011,5.2849,1.3163,6.8308,6.2997,7.7503,73.38,106.23,4.17,21.52,9.0271,16.64,1.3671,1185.12,184.35,8.7628,0.9131,29.29,31.27,357958.2398
9/10/2020,0.7287,1.188,0.6667,1.2846,5.3023,1.3162,6.8335,6.2633,7.75,73.43,106.19,4.162,21.285,8.9975,16.87,1.3667,1184.41,184.7,8.7364,0.9077,29.27,31.31,359613.0626
9/11/2020,0.7277,1.1831,0.6667,1.2788,5.304,1.3183,6.833,6.2879,7.7502,73.45,106.17,4.1494,21.327,9.0548,16.74,1.3678,1186.55,184.45,8.7848,0.9092,29.3,31.26,359953.1067
